data_source,study_id,site_id,core_id,depth_min,depth_max,dry_bulk_density,fraction_organic_matter,year,latitude,longitude,species_code,code_type
Bossert_et_al_2024,Bossert_et_al_2024,Berg,LWR_SS1_R1,0,3,1.03015265085433,0.4,2022,-32.7716,18.142872,Zostera capensis,Genus species
Bossert_et_al_2024,Bossert_et_al_2024,Berg,LWR_SS1_R1,3,6,1.09917921070623,0.25,2022,-32.7716,18.142872,Zostera capensis,Genus species
Bossert_et_al_2024,Bossert_et_al_2024,Berg,LWR_SS1_R1,6,10,0.881412807238364,0.97,2022,-32.7716,18.142872,Zostera capensis,Genus species
Bossert_et_al_2024,Bossert_et_al_2024,Berg,LWR_SS1_R1,10,15,1.10935833645321,0.45,2022,-32.7716,18.142872,Zostera capensis,Genus species
Bossert_et_al_2024,Bossert_et_al_2024,Berg,LWR_SS1_R2,0,3,0.814380989339873,0.34,2022,-32.7716,18.142872,Zostera capensis,Genus species
Bossert_et_al_2024,Bossert_et_al_2024,Berg,LWR_SS1_R2,3,6,1.32571399050551,0.69,2022,-32.7716,18.142872,Zostera capensis,Genus species
Bossert_et_al_2024,Bossert_et_al_2024,Berg,LWR_SS1_R2,6,10,1.20437001776044,0.3,2022,-32.7716,18.142872,Zostera capensis,Genus species
Bossert_et_al_2024,Bossert_et_al_2024,Berg,LWR_SS1_R2,10,15,1.24107242087697,0.34,2022,-32.7716,18.142872,Zostera capensis,Genus species
Bossert_et_al_2024,Bossert_et_al_2024,Berg,LWR_SS1_R3,0,3,1.17825587469792,0.12,2022,-32.7716,18.142872,Zostera capensis,Genus species
Bossert_et_al_2024,Bossert_et_al_2024,Berg,LWR_SS1_R3,3,6,1.39280522624943,0.16,2022,-32.7716,18.142872,Zostera capensis,Genus species
Bossert_et_al_2024,Bossert_et_al_2024,Berg,LWR_SS1_R3,6,10,1.26842669925606,0.44,2022,-32.7716,18.142872,Zostera capensis,Genus species
Bossert_et_al_2024,Bossert_et_al_2024,Berg,LWR_SS1_R3,10,15,1.23127356934069,0.17,2022,-32.7716,18.142872,Zostera capensis,Genus species
Bossert_et_al_2024,Bossert_et_al_2024,Berg,LWR_SS1_R4,0,3,0.831951695057218,1.33,2022,-32.7716,18.142872,Zostera capensis,Genus species
Bossert_et_al_2024,Bossert_et_al_2024,Berg,LWR_SS1_R4,3,6,1.18407882354918,0.23,2022,-32.7716,18.142872,Zostera capensis,Genus species
Bossert_et_al_2024,Bossert_et_al_2024,Berg,LWR_SS1_R4,6,10,1.24717633125443,0.46,2022,-32.7716,18.142872,Zostera capensis,Genus species
Bossert_et_al_2024,Bossert_et_al_2024,Berg,LWR_SS1_R4,10,15,1.23304591878696,0.68,2022,-32.7716,18.142872,Zostera capensis,Genus species
Bossert_et_al_2024,Bossert_et_al_2024,Berg,LWR_SS1_R5,0,3,1.00263370016078,0.55,2022,-32.7716,18.142872,Zostera capensis,Genus species
Bossert_et_al_2024,Bossert_et_al_2024,Berg,LWR_SS1_R5,3,6,1.25147563678382,0.34,2022,-32.7716,18.142872,Zostera capensis,Genus species
Bossert_et_al_2024,Bossert_et_al_2024,Berg,LWR_SS1_R5,6,10,1.19293632664872,0.22,2022,-32.7716,18.142872,Zostera capensis,Genus species
Bossert_et_al_2024,Bossert_et_al_2024,Berg,LWR_SS1_R5,10,15,1.16469842002558,0.35,2022,-32.7716,18.142872,Zostera capensis,Genus species
Bossert_et_al_2024,Bossert_et_al_2024,Berg,LWR_SS2_R1,0,3,0.695579251552451,0.92,2022,-32.7716,18.142872,Zostera capensis,Genus species
Bossert_et_al_2024,Bossert_et_al_2024,Berg,LWR_SS2_R1,3,6,0.94484560135707,0.39,2022,-32.7716,18.142872,Zostera capensis,Genus species
Bossert_et_al_2024,Bossert_et_al_2024,Berg,LWR_SS2_R1,6,10,1.0093606490888,0.56,2022,-32.7716,18.142872,Zostera capensis,Genus species
Bossert_et_al_2024,Bossert_et_al_2024,Berg,LWR_SS2_R1,10,15,0.995072354917782,0.52,2022,-32.7716,18.142872,Zostera capensis,Genus species
Bossert_et_al_2024,Bossert_et_al_2024,Berg,LWR_SS2_R2,0,3,1.24120483778963,0.23,2022,-32.7716,18.142872,Zostera capensis,Genus species
Bossert_et_al_2024,Bossert_et_al_2024,Berg,LWR_SS2_R2,3,6,1.19294057078053,0.7,2022,-32.7716,18.142872,Zostera capensis,Genus species
Bossert_et_al_2024,Bossert_et_al_2024,Berg,LWR_SS2_R2,6,10,1.09765981151618,0.48,2022,-32.7716,18.142872,Zostera capensis,Genus species
Bossert_et_al_2024,Bossert_et_al_2024,Berg,LWR_SS2_R2,10,15,0.979273998646708,0.22,2022,-32.7716,18.142872,Zostera capensis,Genus species
Bossert_et_al_2024,Bossert_et_al_2024,Berg,LWR_SS2_R3,0,3,0.968680645634512,0.31,2022,-32.7716,18.142872,Zostera capensis,Genus species
Bossert_et_al_2024,Bossert_et_al_2024,Berg,LWR_SS2_R3,3,6,1.23441422688437,0.23,2022,-32.7716,18.142872,Zostera capensis,Genus species
Bossert_et_al_2024,Bossert_et_al_2024,Berg,LWR_SS2_R3,6,10,1.14623390014783,0.3,2022,-32.7716,18.142872,Zostera capensis,Genus species
Bossert_et_al_2024,Bossert_et_al_2024,Berg,LWR_SS2_R3,10,15,1.12611416886193,0.53,2022,-32.7716,18.142872,Zostera capensis,Genus species
Bossert_et_al_2024,Bossert_et_al_2024,Berg,LWR_SS2_R4,0,3,0.748325321759013,0.44,2022,-32.7716,18.142872,Zostera capensis,Genus species
Bossert_et_al_2024,Bossert_et_al_2024,Berg,LWR_SS2_R4,3,6,0.81696142148387,0.75,2022,-32.7716,18.142872,Zostera capensis,Genus species
Bossert_et_al_2024,Bossert_et_al_2024,Berg,LWR_SS2_R4,6,10,1.0115378887103,0.43,2022,-32.7716,18.142872,Zostera capensis,Genus species
Bossert_et_al_2024,Bossert_et_al_2024,Berg,LWR_SS2_R4,10,15,0.97753220694951,0.41,2022,-32.7716,18.142872,Zostera capensis,Genus species
Bossert_et_al_2024,Bossert_et_al_2024,Berg,LWR_SS2_R5,0,3,0.885054272336306,0.48,2022,-32.7716,18.142872,Zostera capensis,Genus species
Bossert_et_al_2024,Bossert_et_al_2024,Berg,LWR_SS2_R5,3,6,1.01937255604223,0.39,2022,-32.7716,18.142872,Zostera capensis,Genus species
Bossert_et_al_2024,Bossert_et_al_2024,Berg,LWR_SS2_R5,6,10,1.07182578115351,0.69,2022,-32.7716,18.142872,Zostera capensis,Genus species
Bossert_et_al_2024,Bossert_et_al_2024,Berg,LWR_SS2_R5,10,15,0.960837490038943,8.23,2022,-32.7716,18.142872,Zostera capensis,Genus species
Bossert_et_al_2024,Bossert_et_al_2024,Berg,LWR_SS3_R1,0,3,0.752875031065533,0.65,2022,-32.7716,18.142872,Zostera capensis,Genus species
Bossert_et_al_2024,Bossert_et_al_2024,Berg,LWR_SS3_R1,3,6,1.0484024176622,0.43,2022,-32.7716,18.142872,Zostera capensis,Genus species
Bossert_et_al_2024,Bossert_et_al_2024,Berg,LWR_SS3_R1,6,10,0.768832966692881,0.63,2022,-32.7716,18.142872,Zostera capensis,Genus species
Bossert_et_al_2024,Bossert_et_al_2024,Berg,LWR_SS3_R1,10,15,0.724320512208939,0.49,2022,-32.7716,18.142872,Zostera capensis,Genus species
Bossert_et_al_2024,Bossert_et_al_2024,Berg,LWR_SS3_R2,0,3,1.2153835398224,0.75,2022,-32.7716,18.142872,Zostera capensis,Genus species
Bossert_et_al_2024,Bossert_et_al_2024,Berg,LWR_SS3_R2,3,6,1.15330037962111,0.5,2022,-32.7716,18.142872,Zostera capensis,Genus species
Bossert_et_al_2024,Bossert_et_al_2024,Berg,LWR_SS3_R2,6,10,1.15107221041782,0.48,2022,-32.7716,18.142872,Zostera capensis,Genus species
Bossert_et_al_2024,Bossert_et_al_2024,Berg,LWR_SS3_R2,10,15,1.21044337038882,0.72,2022,-32.7716,18.142872,Zostera capensis,Genus species
Bossert_et_al_2024,Bossert_et_al_2024,Berg,LWR_SS3_R3,0,3,1.04636523439062,0.39,2022,-32.7716,18.142872,Zostera capensis,Genus species
Bossert_et_al_2024,Bossert_et_al_2024,Berg,LWR_SS3_R3,3,6,1.13712174913934,0.56,2022,-32.7716,18.142872,Zostera capensis,Genus species
Bossert_et_al_2024,Bossert_et_al_2024,Berg,LWR_SS3_R3,6,10,0.705845806414832,0.39,2022,-32.7716,18.142872,Zostera capensis,Genus species
Bossert_et_al_2024,Bossert_et_al_2024,Berg,LWR_SS3_R3,10,15,0.781229226900422,0.6,2022,-32.7716,18.142872,Zostera capensis,Genus species
Bossert_et_al_2024,Bossert_et_al_2024,Berg,LWR_SS3_R4,0,3,1.18813621356506,0.34,2022,-32.7716,18.142872,Zostera capensis,Genus species
Bossert_et_al_2024,Bossert_et_al_2024,Berg,LWR_SS3_R4,3,6,1.21497610316808,0.47,2022,-32.7716,18.142872,Zostera capensis,Genus species
Bossert_et_al_2024,Bossert_et_al_2024,Berg,LWR_SS3_R4,6,10,1.20102139775778,0.43,2022,-32.7716,18.142872,Zostera capensis,Genus species
Bossert_et_al_2024,Bossert_et_al_2024,Berg,LWR_SS3_R4,10,15,0.813131516933306,0.27,2022,-32.7716,18.142872,Zostera capensis,Genus species
Bossert_et_al_2024,Bossert_et_al_2024,Berg,LWR_SS3_R5,0,3,1.20153069357568,0.37,2022,-32.7716,18.142872,Zostera capensis,Genus species
Bossert_et_al_2024,Bossert_et_al_2024,Berg,LWR_SS3_R5,3,6,1.28719425014546,0.19,2022,-32.7716,18.142872,Zostera capensis,Genus species
Bossert_et_al_2024,Bossert_et_al_2024,Berg,LWR_SS3_R5,6,10,1.31055819579135,0.28,2022,-32.7716,18.142872,Zostera capensis,Genus species
Bossert_et_al_2024,Bossert_et_al_2024,Berg,LWR_SS3_R5,10,15,1.2855645035282,0.29,2022,-32.7716,18.142872,Zostera capensis,Genus species
Bossert_et_al_2024,Bossert_et_al_2024,Berg,UPR_SS1_R1,0,3,0.816893515374817,0.25,2022,-32.818246,18.195986,Zostera capensis,Genus species
Bossert_et_al_2024,Bossert_et_al_2024,Berg,UPR_SS1_R1,3,6,1.1472737124427,0.22,2022,-32.818246,18.195986,Zostera capensis,Genus species
Bossert_et_al_2024,Bossert_et_al_2024,Berg,UPR_SS1_R1,6,10,1.23588269649263,0.16,2022,-32.818246,18.195986,Zostera capensis,Genus species
Bossert_et_al_2024,Bossert_et_al_2024,Berg,UPR_SS1_R1,10,15,1.10584419530974,0.14,2022,-32.818246,18.195986,Zostera capensis,Genus species
Bossert_et_al_2024,Bossert_et_al_2024,Berg,UPR_SS1_R2,0,3,0.898805259419446,0.22,2022,-32.818246,18.195986,Zostera capensis,Genus species
Bossert_et_al_2024,Bossert_et_al_2024,Berg,UPR_SS1_R2,3,6,1.2926097623424,0.23,2022,-32.818246,18.195986,Zostera capensis,Genus species
Bossert_et_al_2024,Bossert_et_al_2024,Berg,UPR_SS1_R2,6,10,1.08164245804342,0.42,2022,-32.818246,18.195986,Zostera capensis,Genus species
Bossert_et_al_2024,Bossert_et_al_2024,Berg,UPR_SS1_R2,10,15,0.970503924662572,0.32,2022,-32.818246,18.195986,Zostera capensis,Genus species
Bossert_et_al_2024,Bossert_et_al_2024,Berg,UPR_SS1_R3,0,3,0.666158929805437,0.24,2022,-32.818246,18.195986,Zostera capensis,Genus species
Bossert_et_al_2024,Bossert_et_al_2024,Berg,UPR_SS1_R3,3,6,1.31028232722332,0.28,2022,-32.818246,18.195986,Zostera capensis,Genus species
Bossert_et_al_2024,Bossert_et_al_2024,Berg,UPR_SS1_R3,6,10,1.13278849055543,0.17,2022,-32.818246,18.195986,Zostera capensis,Genus species
Bossert_et_al_2024,Bossert_et_al_2024,Berg,UPR_SS1_R3,10,15,1.2039447557525,0.09,2022,-32.818246,18.195986,Zostera capensis,Genus species
Bossert_et_al_2024,Bossert_et_al_2024,Berg,UPR_SS1_R4,0,3,0.553876178487059,0.2,2022,-32.818246,18.195986,Zostera capensis,Genus species
Bossert_et_al_2024,Bossert_et_al_2024,Berg,UPR_SS1_R4,3,6,1.31316833685806,0.17,2022,-32.818246,18.195986,Zostera capensis,Genus species
Bossert_et_al_2024,Bossert_et_al_2024,Berg,UPR_SS1_R4,6,10,1.11190736202177,0.25,2022,-32.818246,18.195986,Zostera capensis,Genus species
Bossert_et_al_2024,Bossert_et_al_2024,Berg,UPR_SS1_R4,10,15,1.04536022397664,0.22,2022,-32.818246,18.195986,Zostera capensis,Genus species
Bossert_et_al_2024,Bossert_et_al_2024,Berg,UPR_SS1_R5,0,3,0.650387735977984,0.22,2022,-32.818246,18.195986,Zostera capensis,Genus species
Bossert_et_al_2024,Bossert_et_al_2024,Berg,UPR_SS1_R5,3,6,1.06064249381892,0.24,2022,-32.818246,18.195986,Zostera capensis,Genus species
Bossert_et_al_2024,Bossert_et_al_2024,Berg,UPR_SS1_R5,6,10,1.12139299663005,0.33,2022,-32.818246,18.195986,Zostera capensis,Genus species
Bossert_et_al_2024,Bossert_et_al_2024,Berg,UPR_SS1_R5,10,15,1.09790936646695,0.26,2022,-32.818246,18.195986,Zostera capensis,Genus species
Bossert_et_al_2024,Bossert_et_al_2024,Berg,UPR_SS2_R1,0,3,1.19686214857832,0.14,2022,-32.818246,18.195986,Zostera capensis,Genus species
Bossert_et_al_2024,Bossert_et_al_2024,Berg,UPR_SS2_R1,3,6,1.21801490154818,0.26,2022,-32.818246,18.195986,Zostera capensis,Genus species
Bossert_et_al_2024,Bossert_et_al_2024,Berg,UPR_SS2_R1,6,10,1.21735706111674,0.25,2022,-32.818246,18.195986,Zostera capensis,Genus species
Bossert_et_al_2024,Bossert_et_al_2024,Berg,UPR_SS2_R1,10,15,0.383255288881642,0.25,2022,-32.818246,18.195986,Zostera capensis,Genus species
Bossert_et_al_2024,Bossert_et_al_2024,Berg,UPR_SS2_R2,0,3,1.09566506956277,0.25,2022,-32.818246,18.195986,Zostera capensis,Genus species
Bossert_et_al_2024,Bossert_et_al_2024,Berg,UPR_SS2_R2,3,6,1.2906744382344,0.2,2022,-32.818246,18.195986,Zostera capensis,Genus species
Bossert_et_al_2024,Bossert_et_al_2024,Berg,UPR_SS2_R2,6,10,1.26412314959486,0.23,2022,-32.818246,18.195986,Zostera capensis,Genus species
Bossert_et_al_2024,Bossert_et_al_2024,Berg,UPR_SS2_R2,10,15,0.516089824104772,0.35,2022,-32.818246,18.195986,Zostera capensis,Genus species
Bossert_et_al_2024,Bossert_et_al_2024,Berg,UPR_SS2_R3,0,3,1.10574912675707,0.13,2022,-32.818246,18.195986,Zostera capensis,Genus species
Bossert_et_al_2024,Bossert_et_al_2024,Berg,UPR_SS2_R3,3,6,1.21161475076998,0.13,2022,-32.818246,18.195986,Zostera capensis,Genus species
Bossert_et_al_2024,Bossert_et_al_2024,Berg,UPR_SS2_R3,6,10,1.19065722786364,0.25,2022,-32.818246,18.195986,Zostera capensis,Genus species
Bossert_et_al_2024,Bossert_et_al_2024,Berg,UPR_SS2_R3,10,15,1.18199410600126,0.3,2022,-32.818246,18.195986,Zostera capensis,Genus species
Bossert_et_al_2024,Bossert_et_al_2024,Berg,UPR_SS2_R4,0,3,1.11355832929811,0.1,2022,-32.818246,18.195986,Zostera capensis,Genus species
Bossert_et_al_2024,Bossert_et_al_2024,Berg,UPR_SS2_R4,3,6,1.24675616220467,0.19,2022,-32.818246,18.195986,Zostera capensis,Genus species
Bossert_et_al_2024,Bossert_et_al_2024,Berg,UPR_SS2_R4,6,10,1.23026771010035,0.35,2022,-32.818246,18.195986,Zostera capensis,Genus species
Bossert_et_al_2024,Bossert_et_al_2024,Berg,UPR_SS2_R4,10,15,1.29223627874261,0.21,2022,-32.818246,18.195986,Zostera capensis,Genus species
Bossert_et_al_2024,Bossert_et_al_2024,Berg,UPR_SS2_R5,0,3,0.980156778064391,0.08,2022,-32.818246,18.195986,Zostera capensis,Genus species
Bossert_et_al_2024,Bossert_et_al_2024,Berg,UPR_SS2_R5,3,6,1.23838673426395,0.12,2022,-32.818246,18.195986,Zostera capensis,Genus species
Bossert_et_al_2024,Bossert_et_al_2024,Berg,UPR_SS2_R5,6,10,1.16711502868149,0.3,2022,-32.818246,18.195986,Zostera capensis,Genus species
Bossert_et_al_2024,Bossert_et_al_2024,Berg,UPR_SS2_R5,10,15,1.19939165114052,0.04,2022,-32.818246,18.195986,Zostera capensis,Genus species
Bossert_et_al_2024,Bossert_et_al_2024,Berg,UPR_SS3_R1,0,3,0.957544043749895,0.06,2022,-32.818246,18.195986,Zostera capensis,Genus species
Bossert_et_al_2024,Bossert_et_al_2024,Berg,UPR_SS3_R1,3,6,1.18667623222043,0.25,2022,-32.818246,18.195986,Zostera capensis,Genus species
Bossert_et_al_2024,Bossert_et_al_2024,Berg,UPR_SS3_R1,6,10,1.10985744635475,0,2022,-32.818246,18.195986,Zostera capensis,Genus species
Bossert_et_al_2024,Bossert_et_al_2024,Berg,UPR_SS3_R1,10,15,1.18545731756294,0.06,2022,-32.818246,18.195986,Zostera capensis,Genus species
Bossert_et_al_2024,Bossert_et_al_2024,Berg,UPR_SS3_R2,0,3,0.880979905793154,0.12,2022,-32.818246,18.195986,Zostera capensis,Genus species
Bossert_et_al_2024,Bossert_et_al_2024,Berg,UPR_SS3_R2,3,6,1.21787908933008,0.12,2022,-32.818246,18.195986,Zostera capensis,Genus species
Bossert_et_al_2024,Bossert_et_al_2024,Berg,UPR_SS3_R2,6,10,0.954305771174452,0.29,2022,-32.818246,18.195986,Zostera capensis,Genus species
Bossert_et_al_2024,Bossert_et_al_2024,Berg,UPR_SS3_R2,10,15,1.14321632242681,0.16,2022,-32.818246,18.195986,Zostera capensis,Genus species
Bossert_et_al_2024,Bossert_et_al_2024,Berg,UPR_SS3_R3,0,3,1.03225774023495,0.23,2022,-32.818246,18.195986,Zostera capensis,Genus species
Bossert_et_al_2024,Bossert_et_al_2024,Berg,UPR_SS3_R3,3,6,1.18506770626225,0.12,2022,-32.818246,18.195986,Zostera capensis,Genus species
Bossert_et_al_2024,Bossert_et_al_2024,Berg,UPR_SS3_R3,6,10,1.13533242316581,0.08,2022,-32.818246,18.195986,Zostera capensis,Genus species
Bossert_et_al_2024,Bossert_et_al_2024,Berg,UPR_SS3_R3,10,15,1.15015293146652,0.08,2022,-32.818246,18.195986,Zostera capensis,Genus species
Bossert_et_al_2024,Bossert_et_al_2024,Berg,UPR_SS3_R4,0,3,0.908974199250064,0.09,2022,-32.818246,18.195986,Zostera capensis,Genus species
Bossert_et_al_2024,Bossert_et_al_2024,Berg,UPR_SS3_R4,3,6,1.13469410574071,0.1,2022,-32.818246,18.195986,Zostera capensis,Genus species
Bossert_et_al_2024,Bossert_et_al_2024,Berg,UPR_SS3_R4,6,10,1.03586949641019,0.44,2022,-32.818246,18.195986,Zostera capensis,Genus species
Bossert_et_al_2024,Bossert_et_al_2024,Berg,UPR_SS3_R4,10,15,1.15015293146652,0.08,2022,-32.818246,18.195986,Zostera capensis,Genus species
Bossert_et_al_2024,Bossert_et_al_2024,Berg,UPR_SS3_R5,0,3,0.767118337439304,0.1,2022,-32.818246,18.195986,Zostera capensis,Genus species
Bossert_et_al_2024,Bossert_et_al_2024,Berg,UPR_SS3_R5,3,6,1.5453393237087,0.28,2022,-32.818246,18.195986,Zostera capensis,Genus species
Bossert_et_al_2024,Bossert_et_al_2024,Berg,UPR_SS3_R5,6,10,1.0030963105287,0.14,2022,-32.818246,18.195986,Zostera capensis,Genus species
Bossert_et_al_2024,Bossert_et_al_2024,Berg,UPR_SS3_R5,10,15,1.24593110297968,0.12,2022,-32.818246,18.195986,Zostera capensis,Genus species
Bossert_et_al_2024,Bossert_et_al_2024,Breede,UPR_SS1_R1,0,3,0.746797434305331,0.86,2022,-34.389554,20.750209,Zostera capensis,Genus species
Bossert_et_al_2024,Bossert_et_al_2024,Breede,UPR_SS1_R1,3,6,1.28452893536515,0.69,2022,-34.389554,20.750209,Zostera capensis,Genus species
Bossert_et_al_2024,Bossert_et_al_2024,Breede,UPR_SS1_R1,6,10,1.14072077291913,0.64,2022,-34.389554,20.750209,Zostera capensis,Genus species
Bossert_et_al_2024,Bossert_et_al_2024,Breede,UPR_SS1_R1,10,15,1.0702546035553,0.76,2022,-34.389554,20.750209,Zostera capensis,Genus species
Bossert_et_al_2024,Bossert_et_al_2024,Breede,UPR_SS1_R2,0,3,0.967526241780619,0.79,2022,-34.389554,20.750209,Zostera capensis,Genus species
Bossert_et_al_2024,Bossert_et_al_2024,Breede,UPR_SS1_R2,3,6,1.26930099041012,0.82,2022,-34.389554,20.750209,Zostera capensis,Genus species
Bossert_et_al_2024,Bossert_et_al_2024,Breede,UPR_SS1_R2,6,10,1.26315548754086,0.79,2022,-34.389554,20.750209,Zostera capensis,Genus species
Bossert_et_al_2024,Bossert_et_al_2024,Breede,UPR_SS1_R2,10,15,1.18293121030619,0.72,2022,-34.389554,20.750209,Zostera capensis,Genus species
Bossert_et_al_2024,Bossert_et_al_2024,Breede,UPR_SS1_R3,0,3,0.906597485433225,0.81,2022,-34.389554,20.750209,Zostera capensis,Genus species
Bossert_et_al_2024,Bossert_et_al_2024,Breede,UPR_SS1_R3,3,6,1.13262296941461,0.87,2022,-34.389554,20.750209,Zostera capensis,Genus species
Bossert_et_al_2024,Bossert_et_al_2024,Breede,UPR_SS1_R3,6,10,1.22851063952862,0.81,2022,-34.389554,20.750209,Zostera capensis,Genus species
Bossert_et_al_2024,Bossert_et_al_2024,Breede,UPR_SS1_R3,10,15,1.35049972030969,0.47,2022,-34.389554,20.750209,Zostera capensis,Genus species
Bossert_et_al_2024,Bossert_et_al_2024,Breede,UPR_SS1_R4,0,3,0.381445591075392,0.79,2022,-34.389554,20.750209,Zostera capensis,Genus species
Bossert_et_al_2024,Bossert_et_al_2024,Breede,UPR_SS1_R4,3,6,1.0575188128025,0.82,2022,-34.389554,20.750209,Zostera capensis,Genus species
Bossert_et_al_2024,Bossert_et_al_2024,Breede,UPR_SS1_R4,6,10,1.14599198463433,0.66,2022,-34.389554,20.750209,Zostera capensis,Genus species
Bossert_et_al_2024,Bossert_et_al_2024,Breede,UPR_SS1_R4,10,15,1.17774657888003,0.58,2022,-34.389554,20.750209,Zostera capensis,Genus species
Bossert_et_al_2024,Bossert_et_al_2024,Breede,UPR_SS1_R5,0,3,0.846534531976252,0.81,2022,-34.389554,20.750209,Zostera capensis,Genus species
Bossert_et_al_2024,Bossert_et_al_2024,Breede,UPR_SS1_R5,3,6,1.14768114909701,0.87,2022,-34.389554,20.750209,Zostera capensis,Genus species
Bossert_et_al_2024,Bossert_et_al_2024,Breede,UPR_SS1_R5,6,10,1.36663166534149,0,2022,-34.389554,20.750209,Zostera capensis,Genus species
Bossert_et_al_2024,Bossert_et_al_2024,Breede,UPR_SS1_R5,10,15,1.25789955470019,0.79,2022,-34.389554,20.750209,Zostera capensis,Genus species
Bossert_et_al_2024,Bossert_et_al_2024,Breede,UPR_SS2_R1,0,3,0.886106817026621,0.81,2022,-34.389554,20.750209,Zostera capensis,Genus species
Bossert_et_al_2024,Bossert_et_al_2024,Breede,UPR_SS2_R1,3,6,1.16358815514257,0.64,2022,-34.389554,20.750209,Zostera capensis,Genus species
Bossert_et_al_2024,Bossert_et_al_2024,Breede,UPR_SS2_R1,6,10,1.23999526022213,0.71,2022,-34.389554,20.750209,Zostera capensis,Genus species
Bossert_et_al_2024,Bossert_et_al_2024,Breede,UPR_SS2_R1,10,15,1.23190509615488,0.79,2022,-34.389554,20.750209,Zostera capensis,Genus species
Bossert_et_al_2024,Bossert_et_al_2024,Breede,UPR_SS2_R2,0,3,0.842595977651205,0.69,2022,-34.389554,20.750209,Zostera capensis,Genus species
Bossert_et_al_2024,Bossert_et_al_2024,Breede,UPR_SS2_R2,3,6,1.39947700146384,0.72,2022,-34.389554,20.750209,Zostera capensis,Genus species
Bossert_et_al_2024,Bossert_et_al_2024,Breede,UPR_SS2_R2,6,10,1.28811098261767,0.77,2022,-34.389554,20.750209,Zostera capensis,Genus species
Bossert_et_al_2024,Bossert_et_al_2024,Breede,UPR_SS2_R2,10,15,1.03695684298139,0.43,2022,-34.389554,20.750209,Zostera capensis,Genus species
Bossert_et_al_2024,Bossert_et_al_2024,Breede,UPR_SS2_R3,0,3,0.815127956539451,0.52,2022,-34.389554,20.750209,Zostera capensis,Genus species
Bossert_et_al_2024,Bossert_et_al_2024,Breede,UPR_SS2_R3,3,6,1.13068764530661,0.89,2022,-34.389554,20.750209,Zostera capensis,Genus species
Bossert_et_al_2024,Bossert_et_al_2024,Breede,UPR_SS2_R3,6,10,1.27098591074098,0.55,2022,-34.389554,20.750209,Zostera capensis,Genus species
Bossert_et_al_2024,Bossert_et_al_2024,Breede,UPR_SS2_R3,10,15,1.22303316300717,0.83,2022,-34.389554,20.750209,Zostera capensis,Genus species
Bossert_et_al_2024,Bossert_et_al_2024,Breede,UPR_SS2_R4,0,3,0.966354861399462,0.9,2022,-34.389554,20.750209,Zostera capensis,Genus species
Bossert_et_al_2024,Bossert_et_al_2024,Breede,UPR_SS2_R4,3,6,1.25575372165413,0.77,2022,-34.389554,20.750209,Zostera capensis,Genus species
Bossert_et_al_2024,Bossert_et_al_2024,Breede,UPR_SS2_R4,6,10,1.31846501336416,0.75,2022,-34.389554,20.750209,Zostera capensis,Genus species
Bossert_et_al_2024,Bossert_et_al_2024,Breede,UPR_SS2_R4,10,15,1.31944286133451,0.88,2022,-34.389554,20.750209,Zostera capensis,Genus species
Bossert_et_al_2024,Bossert_et_al_2024,Breede,UPR_SS2_R5,0,3,1.2175904883666,0.67,2022,-34.389554,20.750209,Zostera capensis,Genus species
Bossert_et_al_2024,Bossert_et_al_2024,Breede,UPR_SS2_R5,3,6,1.12491562603715,0.56,2022,-34.389554,20.750209,Zostera capensis,Genus species
Bossert_et_al_2024,Bossert_et_al_2024,Breede,UPR_SS2_R5,6,10,1.28974072923493,0.6,2022,-34.389554,20.750209,Zostera capensis,Genus species
Bossert_et_al_2024,Bossert_et_al_2024,Breede,UPR_SS2_R5,10,15,1.09653426775864,0.46,2022,-34.389554,20.750209,Zostera capensis,Genus species
Bossert_et_al_2024,Bossert_et_al_2024,Breede,UPR_SS3_R1,0,3,0.932945055745612,0.63,2022,-34.389554,20.750209,Zostera capensis,Genus species
Bossert_et_al_2024,Bossert_et_al_2024,Breede,UPR_SS3_R1,3,6,1.11844756914989,0.42,2022,-34.389554,20.750209,Zostera capensis,Genus species
Bossert_et_al_2024,Bossert_et_al_2024,Breede,UPR_SS3_R1,6,10,1.47987359045023,0.32,2022,-34.389554,20.750209,Zostera capensis,Genus species
Bossert_et_al_2024,Bossert_et_al_2024,Breede,UPR_SS3_R1,10,15,1.33592367400156,0.47,2022,-34.389554,20.750209,Zostera capensis,Genus species
Bossert_et_al_2024,Bossert_et_al_2024,Breede,UPR_SS3_R2,0,3,0.906376790578804,0.36,2022,-34.389554,20.750209,Zostera capensis,Genus species
Bossert_et_al_2024,Bossert_et_al_2024,Breede,UPR_SS3_R2,3,6,1.14900531822354,0.61,2022,-34.389554,20.750209,Zostera capensis,Genus species
Bossert_et_al_2024,Bossert_et_al_2024,Breede,UPR_SS3_R2,6,10,1.27346872785322,0.55,2022,-34.389554,20.750209,Zostera capensis,Genus species
Bossert_et_al_2024,Bossert_et_al_2024,Breede,UPR_SS3_R2,10,15,0.693579416640854,1,2022,-34.389554,20.750209,Zostera capensis,Genus species
Bossert_et_al_2024,Bossert_et_al_2024,Breede,UPR_SS3_R3,0,3,1.03677349648695,0.7,2022,-34.389554,20.750209,Zostera capensis,Genus species
Bossert_et_al_2024,Bossert_et_al_2024,Breede,UPR_SS3_R3,3,6,1.36382629421125,0.8,2022,-34.389554,20.750209,Zostera capensis,Genus species
Bossert_et_al_2024,Bossert_et_al_2024,Breede,UPR_SS3_R3,6,10,1.56640294991043,0.62,2022,-34.389554,20.750209,Zostera capensis,Genus species
Bossert_et_al_2024,Bossert_et_al_2024,Breede,UPR_SS3_R3,10,15,0.864356490297091,0.51,2022,-34.389554,20.750209,Zostera capensis,Genus species
Bossert_et_al_2024,Bossert_et_al_2024,Breede,UPR_SS3_R4,0,3,0.843410850959835,1.28,2022,-34.389554,20.750209,Zostera capensis,Genus species
Bossert_et_al_2024,Bossert_et_al_2024,Breede,UPR_SS3_R4,3,6,1.09936595250613,0.33,2022,-34.389554,20.750209,Zostera capensis,Genus species
Bossert_et_al_2024,Bossert_et_al_2024,Breede,UPR_SS3_R4,6,10,1.48017916794097,0.35,2022,-34.389554,20.750209,Zostera capensis,Genus species
Bossert_et_al_2024,Bossert_et_al_2024,Breede,UPR_SS3_R4,10,15,0.866067724245215,0.64,2022,-34.389554,20.750209,Zostera capensis,Genus species
Bossert_et_al_2024,Bossert_et_al_2024,Breede,UPR_SS3_R5,0,3,1.09943385861518,1.18,2022,-34.389554,20.750209,Zostera capensis,Genus species
Bossert_et_al_2024,Bossert_et_al_2024,Breede,UPR_SS3_R5,3,6,1.27256048364464,0.5,2022,-34.389554,20.750209,Zostera capensis,Genus species
Bossert_et_al_2024,Bossert_et_al_2024,Breede,UPR_SS3_R5,6,10,1.22844697755138,6.89,2022,-34.389554,20.750209,Zostera capensis,Genus species
Bossert_et_al_2024,Bossert_et_al_2024,Breede,UPR_SS3_R5,10,15,1.32288570106348,0.52,2022,-34.389554,20.750209,Zostera capensis,Genus species
Machite_et_al,Bekker_2015,Knysna,Knysna-Zostera capensis-Submerged-surface sample-1,0,5,NA,1.573514411,2015,-34.0827,23.06145,Zostera capensis,Genus species
Machite_et_al,Bekker_2015,Knysna,Knysna-Zostera capensis-Submerged-surface sample-2,0,5,NA,2.06884439,2015,-34.0827,23.06145,Zostera capensis,Genus species
Machite_et_al,Bekker_2015,Knysna,Knysna-Zostera capensis-Submerged-surface sample-3,0,5,NA,2.365637683,2015,-34.0827,23.06145,Zostera capensis,Genus species
Machite_et_al,Bekker_2015,Knysna,Knysna-Zostera capensis-Submerged-surface sample-4,0,5,NA,2.433742675,2015,-34.0827,23.06145,Zostera capensis,Genus species
Machite_et_al,Bezuidenhout_et_al_2011,Kromme,Kromme-Zostera capensis-Summer-Transect 1 Zone a-core 1,5,15,NA,0.924843415,2005,-34.142967,24.5,Zostera capensis,Genus species
Machite_et_al,Bezuidenhout_et_al_2011,Kromme,Kromme-Zostera capensis-Summer-Transect 1 Zone a-core 1,0,5,NA,2.965329429,2005,-34.142967,24.5,Zostera capensis,Genus species
Machite_et_al,Bezuidenhout_et_al_2011,Kromme,Kromme-Zostera capensis-Summer-Transect 1 Zone a-core 1,100,120,NA,0.528373075,2005,-34.142967,24.5,Zostera capensis,Genus species
Machite_et_al,Bezuidenhout_et_al_2011,Kromme,Kromme-Zostera capensis-Summer-Transect 2 Zone a-core 1,5,15,NA,1.566045504,2005,-34.142967,24.5,Zostera capensis,Genus species
Machite_et_al,Bezuidenhout_et_al_2011,Kromme,Kromme-Zostera capensis-Summer-Transect 2 Zone a-core 1,0,5,NA,4.601244492,2005,-34.142967,24.5,Zostera capensis,Genus species
Machite_et_al,Bezuidenhout_et_al_2011,Kromme,Kromme-Zostera capensis-Summer-Transect 2 Zone a-core 1,100,120,NA,0.766574415,2005,-34.142967,24.5,Zostera capensis,Genus species
Machite_et_al,Bezuidenhout_et_al_2011,Kromme,Kromme-Zostera capensis-Winter-Transect 1 Zone a-core 1,5,15,NA,2.380801445,2005,-34.142967,24.5,Zostera capensis,Genus species
Machite_et_al,Bezuidenhout_et_al_2011,Kromme,Kromme-Zostera capensis-Winter-Transect 1 Zone a-core 1,0,5,NA,2.702267643,2005,-34.142967,24.5,Zostera capensis,Genus species
Machite_et_al,Bezuidenhout_et_al_2011,Kromme,Kromme-Zostera capensis-Winter-Transect 1 Zone a-core 1,100,120,NA,NA,2005,-34.142967,24.5,Zostera capensis,Genus species
Machite_et_al,Bezuidenhout_et_al_2011,Kromme,Kromme-Zostera capensis-Winter-Transect 2 Zone a-core 1,5,15,NA,1.73587369,2005,-34.142967,24.842728,Zostera capensis,Genus species
Machite_et_al,Bezuidenhout_et_al_2011,Kromme,Kromme-Zostera capensis-Winter-Transect 2 Zone a-core 1,0,5,NA,5.042096509,2005,-34.142967,24.842728,Zostera capensis,Genus species
Machite_et_al,Bezuidenhout_et_al_2011,Kromme,Kromme-Zostera capensis-Winter-Transect 2 Zone a-core 1,100,120,NA,0.590095656,2005,-34.142967,24.842728,Zostera capensis,Genus species
Machite_et_al,Bezuidenhout_et_al_2011,Kromme,Kromme-Zostera capensis-Summer-Transect 1 Zone a-core 2,5,15,NA,8.57,2005,-34.142967,24.842728,Zostera capensis,Genus species
Machite_et_al,Bezuidenhout_et_al_2011,Kromme,Kromme-Zostera capensis-Summer-Transect 1 Zone a-core 2,0,5,NA,17.46,2005,-34.142967,24.842728,Zostera capensis,Genus species
Machite_et_al,Bezuidenhout_et_al_2011,Kromme,Kromme-Zostera capensis-Summer-Transect 1 Zone a-core 2,100,120,NA,7.87,2005,-34.142967,24.842728,Zostera capensis,Genus species
Machite_et_al,Bezuidenhout_et_al_2011,Kromme,Kromme-Zostera capensis-Summer-Transect 2 Zone a-core 2,5,15,NA,10.97,2005,-34.142967,24.842728,Zostera capensis,Genus species
Machite_et_al,Bezuidenhout_et_al_2011,Kromme,Kromme-Zostera capensis-Summer-Transect 2 Zone a-core 2,0,5,NA,24.18,2005,-34.142967,24.842728,Zostera capensis,Genus species
Machite_et_al,Bezuidenhout_et_al_2011,Kromme,Kromme-Zostera capensis-Summer-Transect 2 Zone a-core 2,100,120,NA,10.72,2005,-34.142967,24.842728,Zostera capensis,Genus species
Machite_et_al,Bezuidenhout_et_al_2011,Kromme,Kromme-Zostera capensis-Winter-Transect 1 Zone a-core 2,5,15,NA,NA,2005,-34.142967,24.842728,Zostera capensis,Genus species
Machite_et_al,Bezuidenhout_et_al_2011,Kromme,Kromme-Zostera capensis-Winter-Transect 1 Zone a-core 2,0,5,NA,18.02522491,2005,-34.142967,24.842728,Zostera capensis,Genus species
Machite_et_al,Bezuidenhout_et_al_2011,Kromme,Kromme-Zostera capensis-Winter-Transect 1 Zone a-core 2,100,120,NA,NA,2005,-34.142967,24.842728,Zostera capensis,Genus species
Machite_et_al,Bezuidenhout_et_al_2011,Kromme,Kromme-Zostera capensis-Winter-Transect 2 Zone a-core 2,5,15,NA,NA,2005,-34.142967,24.842728,Zostera capensis,Genus species
Machite_et_al,Bezuidenhout_et_al_2011,Kromme,Kromme-Zostera capensis-Winter-Transect 2 Zone a-core 2,0,5,NA,17.79257161,2005,-34.142967,24.842728,Zostera capensis,Genus species
Machite_et_al,Bezuidenhout_et_al_2011,Kromme,Kromme-Zostera capensis-Winter-Transect 2 Zone a-core 2,100,120,NA,NA,2005,-34.142967,24.842728,Zostera capensis,Genus species
Machite_et_al,Brown_and_Rajkaran_2020,Kobonqaba,Kobonqaba-Zostera capensis-core 1,0,3,NA,18.14390424,2016,-32.607836,28.490359,Zostera capensis,Genus species
Machite_et_al,Brown_and_Rajkaran_2020,Kobonqaba,Kobonqaba-Zostera capensis-core 1,12,15,NA,14.06156262,2016,-32.607836,28.490359,Zostera capensis,Genus species
Machite_et_al,Brown_and_Rajkaran_2020,Kobonqaba,Kobonqaba-Zostera capensis-core 1,15,18,NA,9.240800395,2016,-32.607836,28.490359,Zostera capensis,Genus species
Machite_et_al,Brown_and_Rajkaran_2020,Kobonqaba,Kobonqaba-Zostera capensis-core 1,18,21,NA,11.5159213,2016,-32.607836,28.490359,Zostera capensis,Genus species
Machite_et_al,Brown_and_Rajkaran_2020,Kobonqaba,Kobonqaba-Zostera capensis-core 1,3,6,NA,16.15107197,2016,-32.607836,28.490359,Zostera capensis,Genus species
Machite_et_al,Brown_and_Rajkaran_2020,Kobonqaba,Kobonqaba-Zostera capensis-core 1,6,9,NA,13.17826261,2016,-32.607836,28.490359,Zostera capensis,Genus species
Machite_et_al,Brown_and_Rajkaran_2020,Kobonqaba,Kobonqaba-Zostera capensis-core 1,9,12,NA,17.90936676,2016,-32.607836,28.490359,Zostera capensis,Genus species
Machite_et_al,Els_2017,Knysna,Knysna-Ashmead-core-1,0,10,NA,2.704022569,2017,-34.082706,23.061453,Zostera capensis,Genus species
Machite_et_al,Els_2017,Knysna,Knysna-Ashmead-core-1,10,21,NA,2.453002877,2017,-34.082706,23.061453,Zostera capensis,Genus species
Machite_et_al,Els_2017,Knysna,Knysna-Ashmead-core-1,21,25,NA,2.363008428,2017,-34.082706,23.061453,Zostera capensis,Genus species
Machite_et_al,Els_2017,Knysna,Knysna-Ashmead-core-1,25,35,NA,2.420510788,2017,-34.082706,23.061453,Zostera capensis,Genus species
Machite_et_al,Els_2017,Knysna,Knysna-Ashmead-core-1,35,42,NA,2.228908233,2017,-34.082706,23.061453,Zostera capensis,Genus species
Machite_et_al,Els_2017,Knysna,Knysna-Ashmead-core-1,42,49,NA,2.087462421,2017,-34.082706,23.061453,Zostera capensis,Genus species
Machite_et_al,Els_2017,Knysna,Knysna-Ashmead-core-1,49,50,NA,NA,2017,-34.082706,23.061453,Zostera capensis,Genus species
Machite_et_al,Els_2017,Knysna,Knysna-Ashmead-core-1,50,56,NA,2.442215371,2017,-34.082706,23.061453,Zostera capensis,Genus species
Machite_et_al,Els_2017,Knysna,Knysna-Ashmead-core-1,56,63,NA,NA,2017,-34.082706,23.061453,Zostera capensis,Genus species
Machite_et_al,Els_2017,Knysna,Knysna-Ashmead-core-1,63,70,NA,NA,2017,-34.082706,23.061453,Zostera capensis,Genus species
Machite_et_al,Els_2017,Knysna,Knysna-Ashmead-core-1,70,80,NA,NA,2017,-34.082706,23.061453,Zostera capensis,Genus species
Machite_et_al,Els_2017,Knysna,Knysna-Ashmead-core-1,80,90,NA,NA,2017,-34.082706,23.061453,Zostera capensis,Genus species
Machite_et_al,Els_2017,Knysna,Knysna-Ashmead-core-1,90,100,NA,NA,2017,-34.082706,23.061453,Zostera capensis,Genus species
Machite_et_al,Els_2017,Knysna,Knysna-Ashmead-core-1,100,110,NA,NA,2017,-34.082706,23.061453,Zostera capensis,Genus species
Machite_et_al,Els_2017,Knysna,Knysna-Lower-core-1,0,10,NA,2.621719664,2017,-34.082706,23.061453,Zostera capensis,Genus species
Machite_et_al,Els_2017,Knysna,Knysna-Lower-core-1,10,21,NA,2.26985144,2017,-34.082706,23.061453,Zostera capensis,Genus species
Machite_et_al,Els_2017,Knysna,Knysna-Lower-core-1,21,25,NA,1.882772707,2017,-34.082706,23.061453,Zostera capensis,Genus species
Machite_et_al,Els_2017,Knysna,Knysna-Lower-core-1,25,35,NA,2.100105821,2017,-34.082706,23.061453,Zostera capensis,Genus species
Machite_et_al,Els_2017,Knysna,Knysna-Lower-core-1,35,42,NA,2.32661205,2017,-34.082706,23.061453,Zostera capensis,Genus species
Machite_et_al,Els_2017,Knysna,Knysna-Lower-core-1,42,49,NA,2.535660523,2017,-34.082706,23.061453,Zostera capensis,Genus species
Machite_et_al,Els_2017,Knysna,Knysna-Lower-core-1,49,50,NA,NA,2017,-34.082706,23.061453,Zostera capensis,Genus species
Machite_et_al,Els_2017,Knysna,Knysna-Lower-core-1,50,56,NA,2.257100516,2017,-34.082706,23.061453,Zostera capensis,Genus species
Machite_et_al,Els_2017,Knysna,Knysna-Lower-core-1,56,63,NA,NA,2017,-34.082706,23.061453,Zostera capensis,Genus species
Machite_et_al,Els_2017,Knysna,Knysna-Lower-core-1,63,70,NA,NA,2017,-34.082706,23.061453,Zostera capensis,Genus species
Machite_et_al,Els_2017,Knysna,Knysna-Lower-core-1,70,80,NA,NA,2017,-34.082706,23.061453,Zostera capensis,Genus species
Machite_et_al,Els_2017,Knysna,Knysna-Lower-core-1,80,90,NA,NA,2017,-34.082706,23.061453,Zostera capensis,Genus species
Machite_et_al,Els_2017,Knysna,Knysna-Lower-core-1,90,100,NA,NA,2017,-34.082706,23.061453,Zostera capensis,Genus species
Machite_et_al,Els_2017,Knysna,Knysna-Lower-core-1,100,110,NA,NA,2017,-34.082706,23.061453,Zostera capensis,Genus species
Machite_et_al,Els_2017,Knysna,Knysna-Middle-core-1,0,10,NA,3.017043299,2017,-34.082706,23.061453,Zostera capensis,Genus species
Machite_et_al,Els_2017,Knysna,Knysna-Middle-core-1,10,21,NA,2.873034869,2017,-34.082706,23.061453,Zostera capensis,Genus species
Machite_et_al,Els_2017,Knysna,Knysna-Middle-core-1,21,25,NA,2.743251533,2017,-34.082706,23.061453,Zostera capensis,Genus species
Machite_et_al,Els_2017,Knysna,Knysna-Middle-core-1,25,35,NA,2.928586636,2017,-34.082706,23.061453,Zostera capensis,Genus species
Machite_et_al,Els_2017,Knysna,Knysna-Middle-core-1,35,42,NA,1.825042736,2017,-34.082706,23.061453,Zostera capensis,Genus species
Machite_et_al,Els_2017,Knysna,Knysna-Middle-core-1,42,49,NA,1.843248189,2017,-34.082706,23.061453,Zostera capensis,Genus species
Machite_et_al,Els_2017,Knysna,Knysna-Middle-core-1,49,50,NA,2.202703472,2017,-34.082706,23.061453,Zostera capensis,Genus species
Machite_et_al,Els_2017,Knysna,Knysna-Middle-core-1,50,56,NA,2.252471871,2017,-34.082706,23.061453,Zostera capensis,Genus species
Machite_et_al,Els_2017,Knysna,Knysna-Middle-core-1,56,63,NA,1.889181983,2017,-34.082706,23.061453,Zostera capensis,Genus species
Machite_et_al,Els_2017,Knysna,Knysna-Middle-core-1,63,70,NA,2.116372274,2017,-34.082706,23.061453,Zostera capensis,Genus species
Machite_et_al,Els_2017,Knysna,Knysna-Middle-core-1,70,80,NA,2.193024523,2017,-34.082706,23.061453,Zostera capensis,Genus species
Machite_et_al,Els_2017,Knysna,Knysna-Middle-core-1,80,90,NA,2.646734425,2017,-34.082706,23.061453,Zostera capensis,Genus species
Machite_et_al,Els_2017,Knysna,Knysna-Middle-core-1,90,100,NA,2.921540039,2017,-34.082706,23.061453,Zostera capensis,Genus species
Machite_et_al,Els_2017,Knysna,Knysna-Middle-core-1,100,110,NA,2.169610139,2017,-34.082706,23.061453,Zostera capensis,Genus species
Machite_et_al,Els_2017,Knysna,Knysna-Upper-core-1,0,10,NA,2.598742183,2017,-34.082706,23.061453,Zostera capensis,Genus species
Machite_et_al,Els_2017,Knysna,Knysna-Upper-core-1,10,21,NA,3.117585725,2017,-34.082706,23.061453,Zostera capensis,Genus species
Machite_et_al,Els_2017,Knysna,Knysna-Upper-core-1,21,25,NA,2.625520431,2017,-34.082706,23.061453,Zostera capensis,Genus species
Machite_et_al,Els_2017,Knysna,Knysna-Upper-core-1,25,35,NA,2.775931186,2017,-34.082706,23.061453,Zostera capensis,Genus species
Machite_et_al,Els_2017,Knysna,Knysna-Upper-core-1,35,42,NA,2.764102963,2017,-34.082706,23.061453,Zostera capensis,Genus species
Machite_et_al,Els_2017,Knysna,Knysna-Upper-core-1,42,49,NA,3.169509972,2017,-34.082706,23.061453,Zostera capensis,Genus species
Machite_et_al,Els_2017,Knysna,Knysna-Upper-core-1,49,50,NA,2.601074951,2017,-34.082706,23.061453,Zostera capensis,Genus species
Machite_et_al,Els_2017,Knysna,Knysna-Upper-core-1,50,56,NA,2.761553529,2017,-34.082706,23.061453,Zostera capensis,Genus species
Machite_et_al,Els_2017,Knysna,Knysna-Upper-core-1,56,63,NA,3.739292681,2017,-34.082706,23.061453,Zostera capensis,Genus species
Machite_et_al,Els_2017,Knysna,Knysna-Upper-core-1,63,70,NA,3.505215871,2017,-34.082706,23.061453,Zostera capensis,Genus species
Machite_et_al,Els_2017,Knysna,Knysna-Upper-core-1,70,80,NA,3.656472385,2017,-34.082706,23.061453,Zostera capensis,Genus species
Machite_et_al,Els_2017,Knysna,Knysna-Upper-core-1,80,90,NA,3.529334831,2017,-34.082706,23.061453,Zostera capensis,Genus species
Machite_et_al,Els_2017,Knysna,Knysna-Upper-core-1,90,100,NA,3.561916681,2017,-34.082706,23.061453,Zostera capensis,Genus species
Machite_et_al,Els_2017,Knysna,Knysna-Upper-core-1,100,110,NA,3.905416567,2017,-34.082706,23.061453,Zostera capensis,Genus species
Machite_et_al,Els_2019,Swartkops,Swartkops-1-Summer-core-3,0,10,NA,6.48131149,2018,-33.866245,25.37,Zostera capensis,Genus species
Machite_et_al,Els_2019,Swartkops,Swartkops-1-Summer-core-3,10,25,NA,3.857228618,2018,-33.866245,25.37,Zostera capensis,Genus species
Machite_et_al,Els_2019,Swartkops,Swartkops-1-Summer-core-3,25,50,NA,7.404404592,2018,-33.866245,25.37,Zostera capensis,Genus species
Machite_et_al,Els_2019,Swartkops,Swartkops-1-Summer-core-3,50,100,NA,1.957059353,2018,-33.866245,25.37,Zostera capensis,Genus species
Machite_et_al,Els_2019,Swartkops,Swartkops-2-Summer-core-3,0,10,NA,5.65247926,2018,-33.866245,25.37,Zostera capensis,Genus species
Machite_et_al,Els_2019,Swartkops,Swartkops-2-Summer-core-3,10,25,NA,4.311113726,2018,-33.866245,25.37,Zostera capensis,Genus species
Machite_et_al,Els_2019,Swartkops,Swartkops-2-Summer-core-3,25,50,NA,3.523443359,2018,-33.866245,25.37,Zostera capensis,Genus species
Machite_et_al,Els_2019,Swartkops,Swartkops-2-Summer-core-3,50,100,NA,3.646371572,2018,-33.866245,25.37,Zostera capensis,Genus species
Machite_et_al,Els_2019,Swartkops,Swartkops-3-Summer-core-3,0,10,NA,4.238085101,2018,-33.866245,25.37,Zostera capensis,Genus species
Machite_et_al,Els_2019,Swartkops,Swartkops-3-Summer-core-3,10,25,NA,3.690214554,2018,-33.866245,25.37,Zostera capensis,Genus species
Machite_et_al,Els_2019,Swartkops,Swartkops-3-Summer-core-3,25,50,NA,4.736618168,2018,-33.866245,25.37,Zostera capensis,Genus species
Machite_et_al,Els_2019,Swartkops,Swartkops-3-Summer-core-3,50,100,NA,2.985933873,2018,-33.866245,25.37,Zostera capensis,Genus species
Machite_et_al,Els_2019,Swartkops,Swartkops-4-Summer-core-3,0,10,NA,5.672043729,2018,-33.866245,25.37,Zostera capensis,Genus species
Machite_et_al,Els_2019,Swartkops,Swartkops-4-Summer-core-3,10,25,NA,4.574672458,2018,-33.866245,25.37,Zostera capensis,Genus species
Machite_et_al,Els_2019,Swartkops,Swartkops-4-Summer-core-3,25,50,NA,5.169270054,2018,-33.866245,25.37,Zostera capensis,Genus species
Machite_et_al,Els_2019,Swartkops,Swartkops-4-Summer-core-3,50,100,NA,3.325746547,2018,-33.866245,25.37,Zostera capensis,Genus species
Machite_et_al,Els_2019,Swartkops,Swartkops-5-Summer-core-3,0,10,NA,2.532569071,2018,-33.866245,25.37,Zostera capensis,Genus species
Machite_et_al,Els_2019,Swartkops,Swartkops-5-Summer-core-3,10,25,NA,2.602744836,2018,-33.866245,25.37,Zostera capensis,Genus species
Machite_et_al,Els_2019,Swartkops,Swartkops-5-Summer-core-3,25,50,NA,4.981796493,2018,-33.866245,25.37,Zostera capensis,Genus species
Machite_et_al,Els_2019,Swartkops,Swartkops-5-Summer-core-3,50,100,NA,2.567922384,2018,-33.866245,25.37,Zostera capensis,Genus species
Machite_et_al,Els_2019,Swartkops,Swartkops-6-Summer-core-1,0,10,NA,2.652956889,2018,-33.866245,25.37,Zostera capensis,Genus species
Machite_et_al,Els_2019,Swartkops,Swartkops-6-Summer-core-1,10,25,NA,3.092360477,2018,-33.866245,25.37,Zostera capensis,Genus species
Machite_et_al,Els_2019,Swartkops,Swartkops-6-Summer-core-1,25,50,NA,3.964149827,2018,-33.866245,25.37,Zostera capensis,Genus species
Machite_et_al,Els_2019,Swartkops,Swartkops-6-Summer-core-1,50,100,NA,3.772545663,2018,-33.866245,25.37,Zostera capensis,Genus species
Machite_et_al,Els_2019,Swartkops,Swartkops-1-Winter-core-3,0,10,NA,1.985290724,2018,-33.866245,25.37,Zostera capensis,Genus species
Machite_et_al,Els_2019,Swartkops,Swartkops-1-Winter-core-3,10,25,NA,1.654780284,2018,-33.866245,25.37,Zostera capensis,Genus species
Machite_et_al,Els_2019,Swartkops,Swartkops-1-Winter-core-3,25,50,NA,1.493437136,2018,-33.866245,25.37,Zostera capensis,Genus species
Machite_et_al,Els_2019,Swartkops,Swartkops-1-Winter-core-3,50,100,NA,1.520495902,2018,-33.866245,25.37,Zostera capensis,Genus species
Machite_et_al,Els_2019,Swartkops,Swartkops-2-Winter-core-3,0,10,NA,4.604210788,2018,-33.866245,25.37,Zostera capensis,Genus species
Machite_et_al,Els_2019,Swartkops,Swartkops-2-Winter-core-3,10,25,NA,3.530679967,2018,-33.866245,25.37,Zostera capensis,Genus species
Machite_et_al,Els_2019,Swartkops,Swartkops-2-Winter-core-3,25,50,NA,3.092647848,2018,-33.866245,25.37,Zostera capensis,Genus species
Machite_et_al,Els_2019,Swartkops,Swartkops-2-Winter-core-3,50,100,NA,3.083255685,2018,-33.866245,25.37,Zostera capensis,Genus species
Machite_et_al,Els_2019,Swartkops,Swartkops-3-Winter-core-3,0,10,NA,4.600538563,2018,-33.866245,25.37,Zostera capensis,Genus species
Machite_et_al,Els_2019,Swartkops,Swartkops-3-Winter-core-3,10,25,NA,3.573119454,2018,-33.866245,25.37,Zostera capensis,Genus species
Machite_et_al,Els_2019,Swartkops,Swartkops-3-Winter-core-3,25,50,NA,3.092899736,2018,-33.866245,25.37,Zostera capensis,Genus species
Machite_et_al,Els_2019,Swartkops,Swartkops-3-Winter-core-3,50,100,NA,2.209000671,2018,-33.866245,25.37,Zostera capensis,Genus species
Machite_et_al,Els_2019,Swartkops,Swartkops-4-Winter-core-3,0,10,NA,4.240929427,2018,-33.866245,25.37,Zostera capensis,Genus species
Machite_et_al,Els_2019,Swartkops,Swartkops-4-Winter-core-3,10,25,NA,3.310795003,2018,-33.866245,25.37,Zostera capensis,Genus species
Machite_et_al,Els_2019,Swartkops,Swartkops-4-Winter-core-3,25,50,NA,3.024814187,2018,-33.866245,25.37,Zostera capensis,Genus species
Machite_et_al,Els_2019,Swartkops,Swartkops-4-Winter-core-3,50,100,NA,2.298225649,2018,-33.866245,25.37,Zostera capensis,Genus species
Machite_et_al,Els_2019,Swartkops,Swartkops-5-Winter-core-3,0,10,NA,2.730020935,2018,-33.866245,25.37,Zostera capensis,Genus species
Machite_et_al,Els_2019,Swartkops,Swartkops-5-Winter-core-3,10,25,NA,2.725896014,2018,-33.866245,25.37,Zostera capensis,Genus species
Machite_et_al,Els_2019,Swartkops,Swartkops-5-Winter-core-3,25,50,NA,3.243967084,2018,-33.866245,25.37,Zostera capensis,Genus species
Machite_et_al,Els_2019,Swartkops,Swartkops-5-Winter-core-3,50,100,NA,2.769793164,2018,-33.866245,25.37,Zostera capensis,Genus species
Machite_et_al,Els_2019,Swartkops,Swartkops-6-Winter-core-2,0,10,NA,2.897056899,2018,-33.866244,25.633045,Zostera capensis,Genus species
Machite_et_al,Els_2019,Swartkops,Swartkops-6-Winter-core-2,10,25,NA,3.112808085,2018,-33.866244,25.633045,Zostera capensis,Genus species
Machite_et_al,Els_2019,Swartkops,Swartkops-6-Winter-core-2,25,50,NA,2.94749504,2018,-33.866244,25.633045,Zostera capensis,Genus species
Machite_et_al,Els_2019,Swartkops,Swartkops-6-Winter-core-2,50,100,NA,2.99716587,2018,-33.866244,25.633045,Zostera capensis,Genus species
Machite_et_al,Lemley_2018,Kariega,Kariega-surface sample-1,0,5,NA,4.245204264,2014,-33.682771,26.6864,Zostera capensis,Genus species
Machite_et_al,Lemley_2018,Kariega,Kariega-surface sample-2,0,5,NA,4.724059553,2014,-33.682771,26.6864,Zostera capensis,Genus species
Machite_et_al,Lemley_2018,Kariega,Kariega-surface sample-3,0,5,NA,4.93470639,2014,-33.682771,26.6864,Zostera capensis,Genus species
Machite_et_al,Lemley_2018,Kariega,Kariega-surface sample-4,0,5,NA,7.190063038,2014,-33.682771,26.6864,Zostera capensis,Genus species
Machite_et_al,Lemley_2018,Kariega,Kariega-surface sample-5,0,5,NA,8.947349336,2014,-33.682771,26.6864,Zostera capensis,Genus species
Machite_et_al,Rajkaran_and_Adams_2011,Mngazana,Mngazana-core-1,0,3,NA,23.25268973,2007,-31.692178,29.422861,Zostera capensis,Genus species
Machite_et_al,Rajkaran_and_Adams_2011,Mngazana,Mngazana-core-1,12,15,NA,18.69432439,2007,-31.692178,29.422861,Zostera capensis,Genus species
Machite_et_al,Rajkaran_and_Adams_2011,Mngazana,Mngazana-core-1,15,18,NA,16.87785483,2007,-31.692178,29.422861,Zostera capensis,Genus species
Machite_et_al,Rajkaran_and_Adams_2011,Mngazana,Mngazana-core-1,18,21,NA,13.81879372,2007,-31.692178,29.422861,Zostera capensis,Genus species
Machite_et_al,Rajkaran_and_Adams_2011,Mngazana,Mngazana-core-1,21,24,NA,12.38300277,2007,-31.692178,29.422861,Zostera capensis,Genus species
Machite_et_al,Rajkaran_and_Adams_2011,Mngazana,Mngazana-core-1,24,27,NA,14.13961732,2007,-31.692178,29.422861,Zostera capensis,Genus species
Machite_et_al,Rajkaran_and_Adams_2011,Mngazana,Mngazana-core-1,27,30,NA,18.33468451,2007,-31.692178,29.422861,Zostera capensis,Genus species
Machite_et_al,Rajkaran_and_Adams_2011,Mngazana,Mngazana-core-1,30,33,NA,18.79555228,2007,-31.692178,29.422861,Zostera capensis,Genus species
Machite_et_al,Rajkaran_and_Adams_2011,Mngazana,Mngazana-core-1,33,36,NA,24.54871074,2007,-31.692178,29.422861,Zostera capensis,Genus species
Machite_et_al,Rajkaran_and_Adams_2011,Mngazana,Mngazana-core-1,3,6,NA,24.25950862,2007,-31.692178,29.422861,Zostera capensis,Genus species
Machite_et_al,Rajkaran_and_Adams_2011,Mngazana,Mngazana-core-1,36,39,NA,45.43541848,2007,-31.692178,29.422861,Zostera capensis,Genus species
Machite_et_al,Rajkaran_and_Adams_2011,Mngazana,Mngazana-core-1,6,9,NA,23.05449277,2007,-31.692178,29.422861,Zostera capensis,Genus species
Machite_et_al,Rajkaran_and_Adams_2011,Mngazana,Mngazana-core-1,9,12,NA,22.43332552,2007,-31.692178,29.422861,Zostera capensis,Genus species
Machite_et_al,Veldkornet_2016_PhD,Knysna,Knysna-surface sample 42,0,5,NA,1.4,2013,-34.082706,23.061453,Zostera capensis,Genus species
Machite_et_al,Veldkornet_2016_PhD,Knysna,Knysna-surface sample 43,0,5,NA,1.7,2013,-34.082706,23.061453,Zostera capensis,Genus species
Machite_et_al,Veldkornet_2016_PhD,Kromme,Kromme-surface sample 15,0,5,NA,2,2013,-34.142967,24.842728,Zostera capensis,Genus species
Machite_et_al,Veldkornet_2016_PhD,Kromme,Kromme-surface sample 16,0,5,NA,2.8,2013,-34.142967,24.842728,Zostera capensis,Genus species
Machite_et_al,Veldkornet_2016_PhD,Swartkops,Swartkops-surface sample 7,0,5,NA,1.6,2013,-33.866244,25.633045,Zostera capensis,Genus species
Machite_et_al,Veldkornet_2016_PhD,Swartkops,Swartkops-surface sample 8,0,5,NA,1.9,2013,-33.866244,25.633045,Zostera capensis,Genus species
Machite_et_al,Veldkornet_2016_PhD,Swartkops,Swartkops-surface sample 9,0,5,NA,1.9,2013,-33.866244,25.633045,Zostera capensis,Genus species
Machite_et_al,Veldkornet_2016_PhD,Swartkops,Swartkops-surface sample 10,0,5,NA,1.9,2013,-33.866244,25.633045,Zostera capensis,Genus species
Machite_et_al,Veldkornet_2016_PhD,Swartkops,Swartkops-surface sample 11,0,5,NA,3.3,2013,-33.866244,25.633045,Zostera capensis,Genus species
Machite_et_al,Veldkornet_2016_PhD,Keurbooms,Keurbooms-surface sample 28,0,5,NA,5.6,2016,-34.0349,23.38,Zostera capensis,Genus species
Ndhlovu_et_al,Ndhlovu_et_al_2024,Berg,Berg1_C1,5,10,1.55716666666667,0.015,2021,18.1964843,-32.8131437,Zostera capensis,Genus species
Ndhlovu_et_al,Ndhlovu_et_al_2024,Berg,Berg1_C2,5,10,1.2155,0.349,2021,18.1964843,-32.8131437,Zostera capensis,Genus species
Ndhlovu_et_al,Ndhlovu_et_al_2024,Berg,Berg1_C3,5,10,1.34056666666667,0.424,2021,18.1964843,-32.8131437,Zostera capensis,Genus species
Ndhlovu_et_al,Ndhlovu_et_al_2024,Berg,Berg1_C4,5,10,1.36246666666667,0.053,2021,18.1964843,-32.8131437,Zostera capensis,Genus species
Ndhlovu_et_al,Ndhlovu_et_al_2024,Berg,Berg1_C1,10,20,1.53562,0.04,2021,18.1964843,-32.8131437,Zostera capensis,Genus species
Ndhlovu_et_al,Ndhlovu_et_al_2024,Berg,Berg1_C2,10,20,1.1627,0.454,2021,18.1964843,-32.8131437,Zostera capensis,Genus species
Ndhlovu_et_al,Ndhlovu_et_al_2024,Berg,Berg1_C3,10,20,1.47174,0.085,2021,18.1964843,-32.8131437,Zostera capensis,Genus species
Ndhlovu_et_al,Ndhlovu_et_al_2024,Berg,Berg1_C4,10,20,1.40816,0.217,2021,18.1964843,-32.8131437,Zostera capensis,Genus species
Ndhlovu_et_al,Ndhlovu_et_al_2024,Berg,Berg1_C1,20,30,1.33982,0.418,2021,18.1964843,-32.8131437,Zostera capensis,Genus species
Ndhlovu_et_al,Ndhlovu_et_al_2024,Berg,Berg1_C2,20,30,0.90682,1.482,2021,18.1964843,-32.8131437,Zostera capensis,Genus species
Ndhlovu_et_al,Ndhlovu_et_al_2024,Berg,Berg1_C3,20,30,1.06162,0.872,2021,18.1964843,-32.8131437,Zostera capensis,Genus species
Ndhlovu_et_al,Ndhlovu_et_al_2024,Berg,Berg1_C4,20,30,1.34604,0.01,2021,18.1964843,-32.8131437,Zostera capensis,Genus species
Ndhlovu_et_al,Ndhlovu_et_al_2024,Berg,Berg1_C1,0,5,1.54505,0.012,2021,18.1964843,-32.8131437,Zostera capensis,Genus species
Ndhlovu_et_al,Ndhlovu_et_al_2024,Berg,Berg1_C2,0,5,1.7076,0.179,2021,18.1964843,-32.8131437,Zostera capensis,Genus species
Ndhlovu_et_al,Ndhlovu_et_al_2024,Berg,Berg1_C3,0,5,1.28525,0.184,2021,18.1964843,-32.8131437,Zostera capensis,Genus species
Ndhlovu_et_al,Ndhlovu_et_al_2024,Berg,Berg1_C4,0,5,1.0739,0.225,2021,18.1964843,-32.8131437,Zostera capensis,Genus species
Ndhlovu_et_al,Ndhlovu_et_al_2024,Berg,Berg1_C1,30,50,0.8194,1.11,2021,18.1964843,-32.8131437,Zostera capensis,Genus species
Ndhlovu_et_al,Ndhlovu_et_al_2024,Berg,Berg1_C2,30,50,0.741,1.33,2021,18.1964843,-32.8131437,Zostera capensis,Genus species
Ndhlovu_et_al,Ndhlovu_et_al_2024,Berg,Berg1_C3,30,50,0.79994,1.183,2021,18.1964843,-32.8131437,Zostera capensis,Genus species
Ndhlovu_et_al,Ndhlovu_et_al_2024,Berg,Berg1_C4,30,50,1.20636,0.509,2021,18.1964843,-32.8131437,Zostera capensis,Genus species
Ndhlovu_et_al,Ndhlovu_et_al_2024,Berg,Berg2_C1,5,10,1.2451,0.003,2021,18.1418914,-32.7721609,Zostera capensis,Genus species
Ndhlovu_et_al,Ndhlovu_et_al_2024,Berg,Berg2_C2,5,10,1.9218,0.083,2021,18.1418914,-32.7721609,Zostera capensis,Genus species
Ndhlovu_et_al,Ndhlovu_et_al_2024,Berg,Berg2_C3,5,10,1.92015,0.047,2021,18.1418914,-32.7721609,Zostera capensis,Genus species
Ndhlovu_et_al,Ndhlovu_et_al_2024,Berg,Berg2_C4,5,10,1.2454,0.089,2021,18.1418914,-32.7721609,Zostera capensis,Genus species
Ndhlovu_et_al,Ndhlovu_et_al_2024,Berg,Berg2_C1,10,20,1.28512,0.074,2021,18.1418914,-32.7721609,Zostera capensis,Genus species
Ndhlovu_et_al,Ndhlovu_et_al_2024,Berg,Berg2_C2,10,20,1.42038,0.192,2021,18.1418914,-32.7721609,Zostera capensis,Genus species
Ndhlovu_et_al,Ndhlovu_et_al_2024,Berg,Berg2_C3,10,20,1.35172,0.068,2021,18.1418914,-32.7721609,Zostera capensis,Genus species
Ndhlovu_et_al,Ndhlovu_et_al_2024,Berg,Berg2_C4,10,20,1.2553,0.081,2021,18.1418914,-32.7721609,Zostera capensis,Genus species
Ndhlovu_et_al,Ndhlovu_et_al_2024,Berg,Berg2_C1,20,30,1.31188,0.138,2021,18.1418914,-32.7721609,Zostera capensis,Genus species
Ndhlovu_et_al,Ndhlovu_et_al_2024,Berg,Berg2_C2,20,30,1.30294,0.061,2021,18.1418914,-32.7721609,Zostera capensis,Genus species
Ndhlovu_et_al,Ndhlovu_et_al_2024,Berg,Berg2_C3,20,30,1.3361,0.055,2021,18.1418914,-32.7721609,Zostera capensis,Genus species
Ndhlovu_et_al,Ndhlovu_et_al_2024,Berg,Berg2_C4,20,30,1.32318,0.088,2021,18.1418914,-32.7721609,Zostera capensis,Genus species
Ndhlovu_et_al,Ndhlovu_et_al_2024,Berg,Berg2_C1,0,5,1.0924,0.234,2021,18.1418914,-32.7721609,Zostera capensis,Genus species
Ndhlovu_et_al,Ndhlovu_et_al_2024,Berg,Berg2_C2,0,5,1.80816666666667,0.095,2021,18.1418914,-32.7721609,Zostera capensis,Genus species
Ndhlovu_et_al,Ndhlovu_et_al_2024,Berg,Berg2_C3,0,5,1.83173333333333,0.155,2021,18.1418914,-32.7721609,Zostera capensis,Genus species
Ndhlovu_et_al,Ndhlovu_et_al_2024,Berg,Berg2_C4,0,5,1.10342857142857,0.035,2021,18.1418914,-32.7721609,Zostera capensis,Genus species
Ndhlovu_et_al,Ndhlovu_et_al_2024,Berg,Berg2_C1,30,50,1.30858,0.202,2021,18.1418914,-32.7721609,Zostera capensis,Genus species
Ndhlovu_et_al,Ndhlovu_et_al_2024,Berg,Berg2_C2,30,50,1.26856,0.222,2021,18.1418914,-32.7721609,Zostera capensis,Genus species
Ndhlovu_et_al,Ndhlovu_et_al_2024,Berg,Berg2_C3,30,50,1.36132,0.011,2021,18.1418914,-32.7721609,Zostera capensis,Genus species
Ndhlovu_et_al,Ndhlovu_et_al_2024,Berg,Berg2_C4,30,50,1.36486,0.113,2021,18.1418914,-32.7721609,Zostera capensis,Genus species
Ndhlovu_et_al,Ndhlovu_et_al_2024,Breede,Breede2_C1,5,10,1.4084,0.028,2021,20.84452189,-34.39693214,Zostera capensis,Genus species
Ndhlovu_et_al,Ndhlovu_et_al_2024,Breede,Breede2_C2,5,10,1.2919,0.371,2021,20.84452189,-34.39693214,Zostera capensis,Genus species
Ndhlovu_et_al,Ndhlovu_et_al_2024,Breede,Breede2_C3,5,10,1.35293333333333,0.239,2021,20.84452189,-34.39693214,Zostera capensis,Genus species
Ndhlovu_et_al,Ndhlovu_et_al_2024,Breede,Breede2_C4,5,10,1.3355,0.607,2021,20.84452189,-34.39693214,Zostera capensis,Genus species
Ndhlovu_et_al,Ndhlovu_et_al_2024,Breede,Breede2_C1,10,20,1.38198,0.514,2021,20.84452189,-34.39693214,Zostera capensis,Genus species
Ndhlovu_et_al,Ndhlovu_et_al_2024,Breede,Breede2_C2,10,20,1.31814,0.385,2021,20.84452189,-34.39693214,Zostera capensis,Genus species
Ndhlovu_et_al,Ndhlovu_et_al_2024,Breede,Breede2_C3,10,20,1.33178,0.154,2021,20.84452189,-34.39693214,Zostera capensis,Genus species
Ndhlovu_et_al,Ndhlovu_et_al_2024,Breede,Breede2_C4,10,20,1.39808,0.253,2021,20.84452189,-34.39693214,Zostera capensis,Genus species
Ndhlovu_et_al,Ndhlovu_et_al_2024,Breede,Breede2_C1,20,30,1.3641,0.33,2021,20.84452189,-34.39693214,Zostera capensis,Genus species
Ndhlovu_et_al,Ndhlovu_et_al_2024,Breede,Breede2_C2,20,30,1.42138,0.398,2021,20.84452189,-34.39693214,Zostera capensis,Genus species
Ndhlovu_et_al,Ndhlovu_et_al_2024,Breede,Breede2_C3,20,30,1.43416,0.18,2021,20.84452189,-34.39693214,Zostera capensis,Genus species
Ndhlovu_et_al,Ndhlovu_et_al_2024,Breede,Breede2_C4,20,30,1.51874,0.253,2021,20.84452189,-34.39693214,Zostera capensis,Genus species
Ndhlovu_et_al,Ndhlovu_et_al_2024,Breede,Breede2_C1,0,5,1.31311111111111,0.017,2021,20.84452189,-34.39693214,Zostera capensis,Genus species
Ndhlovu_et_al,Ndhlovu_et_al_2024,Breede,Breede2_C2,0,5,1.23025,0.34,2021,20.84452189,-34.39693214,Zostera capensis,Genus species
Ndhlovu_et_al,Ndhlovu_et_al_2024,Breede,Breede2_C3,0,5,1.1152,0.198,2021,20.84452189,-34.39693214,Zostera capensis,Genus species
Ndhlovu_et_al,Ndhlovu_et_al_2024,Breede,Breede2_C4,0,5,1.06806666666667,0.437,2021,20.84452189,-34.39693214,Zostera capensis,Genus species
Ndhlovu_et_al,Ndhlovu_et_al_2024,Breede,Breede2_C1,30,50,1.37574,0.23,2021,20.84452189,-34.39693214,Zostera capensis,Genus species
Ndhlovu_et_al,Ndhlovu_et_al_2024,Breede,Breede2_C2,30,50,1.42866,0.311,2021,20.84452189,-34.39693214,Zostera capensis,Genus species
Ndhlovu_et_al,Ndhlovu_et_al_2024,Breede,Breede2_C3,30,50,1.37176,0.399,2021,20.84452189,-34.39693214,Zostera capensis,Genus species
Ndhlovu_et_al,Ndhlovu_et_al_2024,Breede,Breede2_C4,30,50,1.39582,0.159,2021,20.84452189,-34.39693214,Zostera capensis,Genus species
Ndhlovu_et_al,Ndhlovu_et_al_2024,Knysna,Knysna1_C1,5,10,1.27073333333333,0.56,2021,23.0510531,-34.0587139,Zostera capensis,Genus species
Ndhlovu_et_al,Ndhlovu_et_al_2024,Knysna,Knysna1_C2,5,10,1.30816666666667,0.448,2021,23.0510531,-34.0587139,Zostera capensis,Genus species
Ndhlovu_et_al,Ndhlovu_et_al_2024,Knysna,Knysna1_C3,5,10,1.2837,0.466,2021,23.0510531,-34.0587139,Zostera capensis,Genus species
Ndhlovu_et_al,Ndhlovu_et_al_2024,Knysna,Knysna1_C4,5,10,1.3989,0.241,2021,23.0510531,-34.0587139,Zostera capensis,Genus species
Ndhlovu_et_al,Ndhlovu_et_al_2024,Knysna,Knysna1_C1,10,20,1.4066,0.608,2021,23.0510531,-34.0587139,Zostera capensis,Genus species
Ndhlovu_et_al,Ndhlovu_et_al_2024,Knysna,Knysna1_C2,10,20,1.41696,0.214,2021,23.0510531,-34.0587139,Zostera capensis,Genus species
Ndhlovu_et_al,Ndhlovu_et_al_2024,Knysna,Knysna1_C3,10,20,1.40958,0.202,2021,23.0510531,-34.0587139,Zostera capensis,Genus species
Ndhlovu_et_al,Ndhlovu_et_al_2024,Knysna,Knysna1_C4,10,20,1.40886,0.172,2021,23.0510531,-34.0587139,Zostera capensis,Genus species
Ndhlovu_et_al,Ndhlovu_et_al_2024,Knysna,Knysna1_C1,20,30,1.49114,0.31,2021,23.0510531,-34.0587139,Zostera capensis,Genus species
Ndhlovu_et_al,Ndhlovu_et_al_2024,Knysna,Knysna1_C2,20,30,1.53132,0.06,2021,23.0510531,-34.0587139,Zostera capensis,Genus species
Ndhlovu_et_al,Ndhlovu_et_al_2024,Knysna,Knysna1_C3,20,30,1.44736,0.284,2021,23.0510531,-34.0587139,Zostera capensis,Genus species
Ndhlovu_et_al,Ndhlovu_et_al_2024,Knysna,Knysna1_C4,20,30,1.50298,0.039,2021,23.0510531,-34.0587139,Zostera capensis,Genus species
Ndhlovu_et_al,Ndhlovu_et_al_2024,Knysna,Knysna1_C1,0,5,1.209,0.64,2021,23.0510531,-34.0587139,Zostera capensis,Genus species
Ndhlovu_et_al,Ndhlovu_et_al_2024,Knysna,Knysna1_C2,0,5,1.0996,0.691,2021,23.0510531,-34.0587139,Zostera capensis,Genus species
Ndhlovu_et_al,Ndhlovu_et_al_2024,Knysna,Knysna1_C3,0,5,1.21393333333333,0.809,2021,23.0510531,-34.0587139,Zostera capensis,Genus species
Ndhlovu_et_al,Ndhlovu_et_al_2024,Knysna,Knysna1_C4,0,5,1.43775,0.068,2021,23.0510531,-34.0587139,Zostera capensis,Genus species
Ndhlovu_et_al,Ndhlovu_et_al_2024,Knysna,Knysna1_C1,30,50,1.55306,1.078,2021,23.0510531,-34.0587139,Zostera capensis,Genus species
Ndhlovu_et_al,Ndhlovu_et_al_2024,Knysna,Knysna1_C2,30,50,1.42908,0.912,2021,23.0510531,-34.0587139,Zostera capensis,Genus species
Ndhlovu_et_al,Ndhlovu_et_al_2024,Knysna,Knysna1_C3,30,50,1.43374,0.616,2021,23.0510531,-34.0587139,Zostera capensis,Genus species
Ndhlovu_et_al,Ndhlovu_et_al_2024,Knysna,Knysna1_C4,30,50,1.54104,0.74,2021,23.0510531,-34.0587139,Zostera capensis,Genus species
Ndhlovu_et_al,Ndhlovu_et_al_2024,Knysna,Knysna2_C1,5,10,1.40425,0.234,2021,22.9921599,-34.03369279,Zostera capensis,Genus species
Ndhlovu_et_al,Ndhlovu_et_al_2024,Knysna,Knysna2_C2,5,10,1.5054,0.117,2021,22.9921599,-34.03369279,Zostera capensis,Genus species
Ndhlovu_et_al,Ndhlovu_et_al_2024,Knysna,Knysna2_C3,5,10,1.5003,0.273,2021,22.9921599,-34.03369279,Zostera capensis,Genus species
Ndhlovu_et_al,Ndhlovu_et_al_2024,Knysna,Knysna2_C4,5,10,1.4524,0.812,2021,22.9921599,-34.03369279,Zostera capensis,Genus species
Ndhlovu_et_al,Ndhlovu_et_al_2024,Knysna,Knysna2_C1,10,20,1.450672,0.197,2021,22.9921599,-34.03369279,Zostera capensis,Genus species
Ndhlovu_et_al,Ndhlovu_et_al_2024,Knysna,Knysna2_C2,10,20,1.4718,0.181,2021,22.9921599,-34.03369279,Zostera capensis,Genus species
Ndhlovu_et_al,Ndhlovu_et_al_2024,Knysna,Knysna2_C3,10,20,1.4206,0.205,2021,22.9921599,-34.03369279,Zostera capensis,Genus species
Ndhlovu_et_al,Ndhlovu_et_al_2024,Knysna,Knysna2_C4,10,20,1.49632,0.401,2021,22.9921599,-34.03369279,Zostera capensis,Genus species
Ndhlovu_et_al,Ndhlovu_et_al_2024,Knysna,Knysna2_C1,20,30,1.33906,0.486,2021,22.9921599,-34.03369279,Zostera capensis,Genus species
Ndhlovu_et_al,Ndhlovu_et_al_2024,Knysna,Knysna2_C2,20,30,1.39236,0.351,2021,22.9921599,-34.03369279,Zostera capensis,Genus species
Ndhlovu_et_al,Ndhlovu_et_al_2024,Knysna,Knysna2_C3,20,30,1.39068,0.464,2021,22.9921599,-34.03369279,Zostera capensis,Genus species
Ndhlovu_et_al,Ndhlovu_et_al_2024,Knysna,Knysna2_C4,20,30,1.42676,0.391,2021,22.9921599,-34.03369279,Zostera capensis,Genus species
Ndhlovu_et_al,Ndhlovu_et_al_2024,Knysna,Knysna2_C1,0,5,1.56315,0.061,2021,22.9921599,-34.03369279,Zostera capensis,Genus species
Ndhlovu_et_al,Ndhlovu_et_al_2024,Knysna,Knysna2_C2,0,5,1.37845,0.202,2021,22.9921599,-34.03369279,Zostera capensis,Genus species
Ndhlovu_et_al,Ndhlovu_et_al_2024,Knysna,Knysna2_C3,0,5,1.44065,0.247,2021,22.9921599,-34.03369279,Zostera capensis,Genus species
Ndhlovu_et_al,Ndhlovu_et_al_2024,Knysna,Knysna2_C4,0,5,1.5335,0.136,2021,22.9921599,-34.03369279,Zostera capensis,Genus species
Ndhlovu_et_al,Ndhlovu_et_al_2024,Knysna,Knysna2_C1,30,50,1.36074,0.16,2021,22.9921599,-34.03369279,Zostera capensis,Genus species
Ndhlovu_et_al,Ndhlovu_et_al_2024,Knysna,Knysna2_C2,30,50,1.40734,0.652,2021,22.9921599,-34.03369279,Zostera capensis,Genus species
Ndhlovu_et_al,Ndhlovu_et_al_2024,Knysna,Knysna2_C3,30,50,1.37894,0.348,2021,22.9921599,-34.03369279,Zostera capensis,Genus species
Ndhlovu_et_al,Ndhlovu_et_al_2024,Knysna,Knysna2_C4,30,50,1.464,0.261,2021,22.9921599,-34.03369279,Zostera capensis,Genus species
Ndhlovu_et_al,Ndhlovu_et_al_2024,Mngazana,Mngazana1_C1,5,10,1.62856666666667,1.226,2021,29.42223,-31.69004,Zostera capensis,Genus species
Ndhlovu_et_al,Ndhlovu_et_al_2024,Mngazana,Mngazana1_C2,5,10,1.38606060606061,0.639,2021,29.42223,-31.69004,Zostera capensis,Genus species
Ndhlovu_et_al,Ndhlovu_et_al_2024,Mngazana,Mngazana1_C3,5,10,1.54528260869565,0.847,2021,29.42223,-31.69004,Zostera capensis,Genus species
Ndhlovu_et_al,Ndhlovu_et_al_2024,Mngazana,Mngazana1_C4,5,10,1.28478260869565,0.737,2021,29.42223,-31.69004,Zostera capensis,Genus species
Ndhlovu_et_al,Ndhlovu_et_al_2024,Mngazana,Mngazana1_C5,5,10,1.42733333333333,1.526,2021,29.42223,-31.69004,Zostera capensis,Genus species
Ndhlovu_et_al,Ndhlovu_et_al_2024,Mngazana,Mngazana1_C6,5,10,1.22273333333333,0.296,2021,29.42223,-31.69004,Zostera capensis,Genus species
Ndhlovu_et_al,Ndhlovu_et_al_2024,Mngazana,Mngazana1_C1,10,20,1.13762,1.492,2021,29.42223,-31.69004,Zostera capensis,Genus species
Ndhlovu_et_al,Ndhlovu_et_al_2024,Mngazana,Mngazana1_C2,10,20,1.25422,1.645,2021,29.42223,-31.69004,Zostera capensis,Genus species
Ndhlovu_et_al,Ndhlovu_et_al_2024,Mngazana,Mngazana1_C3,10,20,1.52502,1.601,2021,29.42223,-31.69004,Zostera capensis,Genus species
Ndhlovu_et_al,Ndhlovu_et_al_2024,Mngazana,Mngazana1_C4,10,20,1.6458,1.265,2021,29.42223,-31.69004,Zostera capensis,Genus species
Ndhlovu_et_al,Ndhlovu_et_al_2024,Mngazana,Mngazana1_C5,10,20,1.0061,1.037,2021,29.42223,-31.69004,Zostera capensis,Genus species
Ndhlovu_et_al,Ndhlovu_et_al_2024,Mngazana,Mngazana1_C6,10,20,1.1683,0.427,2021,29.42223,-31.69004,Zostera capensis,Genus species
Ndhlovu_et_al,Ndhlovu_et_al_2024,Mngazana,Mngazana1_C1,20,30,1.03606666666667,1.539,2021,29.42223,-31.69004,Zostera capensis,Genus species
Ndhlovu_et_al,Ndhlovu_et_al_2024,Mngazana,Mngazana1_C2,20,30,1.59456,1.453,2021,29.42223,-31.69004,Zostera capensis,Genus species
Ndhlovu_et_al,Ndhlovu_et_al_2024,Mngazana,Mngazana1_C3,20,30,1.53124,1.52,2021,29.42223,-31.69004,Zostera capensis,Genus species
Ndhlovu_et_al,Ndhlovu_et_al_2024,Mngazana,Mngazana1_C4,20,30,1.61056,1.405,2021,29.42223,-31.69004,Zostera capensis,Genus species
Ndhlovu_et_al,Ndhlovu_et_al_2024,Mngazana,Mngazana1_C5,20,30,1.19376666666667,1.163,2021,29.42223,-31.69004,Zostera capensis,Genus species
Ndhlovu_et_al,Ndhlovu_et_al_2024,Mngazana,Mngazana1_C6,20,30,1.21754,0.529,2021,29.42223,-31.69004,Zostera capensis,Genus species
Ndhlovu_et_al,Ndhlovu_et_al_2024,Mngazana,Mngazana1_C1,0,5,1.55563333333333,1.514,2021,29.42223,-31.69004,Zostera capensis,Genus species
Ndhlovu_et_al,Ndhlovu_et_al_2024,Mngazana,Mngazana1_C2,0,5,1.18972727272727,0.853,2021,29.42223,-31.69004,Zostera capensis,Genus species
Ndhlovu_et_al,Ndhlovu_et_al_2024,Mngazana,Mngazana1_C3,0,5,1.60240540540541,2.097,2021,29.42223,-31.69004,Zostera capensis,Genus species
Ndhlovu_et_al,Ndhlovu_et_al_2024,Mngazana,Mngazana1_C4,0,5,1.5342,1.656,2021,29.42223,-31.69004,Zostera capensis,Genus species
Ndhlovu_et_al,Ndhlovu_et_al_2024,Mngazana,Mngazana1_C5,0,5,1.56035,1.3,2021,29.42223,-31.69004,Zostera capensis,Genus species
Ndhlovu_et_al,Ndhlovu_et_al_2024,Mngazana,Mngazana1_C6,0,5,1.12676666666667,1.069,2021,29.42223,-31.69004,Zostera capensis,Genus species
Ndhlovu_et_al,Ndhlovu_et_al_2024,Mngazana,Mngazana1_C4,30,50,1.54818,1.491,2021,29.42223,-31.69004,Zostera capensis,Genus species
Ndhlovu_et_al,Ndhlovu_et_al_2024,Mngazana,Mngazana1_C6,30,50,1.45898,0.323,2021,29.42223,-31.69004,Zostera capensis,Genus species
Ndhlovu_et_al,Ndhlovu_et_al_2024,Mngazana,Mngazana2_C1,5,10,1.73626666666667,0.694,2021,29.41852932,-31.68501113,Zostera capensis,Genus species
Ndhlovu_et_al,Ndhlovu_et_al_2024,Mngazana,Mngazana2_C2,5,10,0.7422,0.842,2021,29.41852932,-31.68501113,Zostera capensis,Genus species
Ndhlovu_et_al,Ndhlovu_et_al_2024,Mngazana,Mngazana2_C3,5,10,1.12673333333333,0.773,2021,29.41852932,-31.68501113,Zostera capensis,Genus species
Ndhlovu_et_al,Ndhlovu_et_al_2024,Mngazana,Mngazana2_C4,5,10,1.29133333333333,0.401,2021,29.41852932,-31.68501113,Zostera capensis,Genus species
Ndhlovu_et_al,Ndhlovu_et_al_2024,Mngazana,Mngazana2_C5,5,10,1.347,0.432,2021,29.41852932,-31.68501113,Zostera capensis,Genus species
Ndhlovu_et_al,Ndhlovu_et_al_2024,Mngazana,Mngazana2_C1,10,20,1.62898,0.633,2021,29.41852932,-31.68501113,Zostera capensis,Genus species
Ndhlovu_et_al,Ndhlovu_et_al_2024,Mngazana,Mngazana2_C2,10,20,1.09104,1.094,2021,29.41852932,-31.68501113,Zostera capensis,Genus species
Ndhlovu_et_al,Ndhlovu_et_al_2024,Mngazana,Mngazana2_C3,10,20,1.06916,1.12,2021,29.41852932,-31.68501113,Zostera capensis,Genus species
Ndhlovu_et_al,Ndhlovu_et_al_2024,Mngazana,Mngazana2_C4,10,20,1.09878,1.07,2021,29.41852932,-31.68501113,Zostera capensis,Genus species
Ndhlovu_et_al,Ndhlovu_et_al_2024,Mngazana,Mngazana2_C5,10,20,1.44718,0.249,2021,29.41852932,-31.68501113,Zostera capensis,Genus species
Ndhlovu_et_al,Ndhlovu_et_al_2024,Mngazana,Mngazana2_C1,20,30,1.25498,0.763,2021,29.41852932,-31.68501113,Zostera capensis,Genus species
Ndhlovu_et_al,Ndhlovu_et_al_2024,Mngazana,Mngazana2_C2,20,30,1.25498,1.937,2021,29.41852932,-31.68501113,Zostera capensis,Genus species
Ndhlovu_et_al,Ndhlovu_et_al_2024,Mngazana,Mngazana2_C3,20,30,1.25498,0.342,2021,29.41852932,-31.68501113,Zostera capensis,Genus species
Ndhlovu_et_al,Ndhlovu_et_al_2024,Mngazana,Mngazana2_C5,20,30,1.42622,0.073,2021,29.41852932,-31.68501113,Zostera capensis,Genus species
Ndhlovu_et_al,Ndhlovu_et_al_2024,Mngazana,Mngazana2_C1,0,5,0.78605,1.065,2021,29.41852932,-31.68501113,Zostera capensis,Genus species
Ndhlovu_et_al,Ndhlovu_et_al_2024,Mngazana,Mngazana2_C2,0,5,1.32565,0.475,2021,29.41852932,-31.68501113,Zostera capensis,Genus species
Ndhlovu_et_al,Ndhlovu_et_al_2024,Mngazana,Mngazana2_C3,0,5,0.912366666666667,1.104,2021,29.41852932,-31.68501113,Zostera capensis,Genus species
Ndhlovu_et_al,Ndhlovu_et_al_2024,Mngazana,Mngazana2_C4,0,5,1.6113,0.723,2021,29.41852932,-31.68501113,Zostera capensis,Genus species
Ndhlovu_et_al,Ndhlovu_et_al_2024,Mngazana,Mngazana2_C5,0,5,1.15473333333333,1,2021,29.41852932,-31.68501113,Zostera capensis,Genus species
Ndhlovu_et_al,Ndhlovu_et_al_2024,Mngazana,Mngazana2_C5,30,50,1.4675,0.55,2021,29.41852932,-31.68501113,Zostera capensis,Genus species
Ndhlovu_et_al,Ndhlovu_et_al_2024,Olifants,Olifants1_C1,5,10,1.41923333333333,0.195,2021,18.18641168,-31.66462114,Zostera capensis,Genus species
Ndhlovu_et_al,Ndhlovu_et_al_2024,Olifants,Olifants1_C2,5,10,1.51263333333333,0.118,2021,18.18641168,-31.66462114,Zostera capensis,Genus species
Ndhlovu_et_al,Ndhlovu_et_al_2024,Olifants,Olifants1_C3,5,10,1.43673333333333,0.136,2021,18.18641168,-31.66462114,Zostera capensis,Genus species
Ndhlovu_et_al,Ndhlovu_et_al_2024,Olifants,Olifants1_C4,5,10,0.91434,0.084,2021,18.18641168,-31.66462114,Zostera capensis,Genus species
Ndhlovu_et_al,Ndhlovu_et_al_2024,Olifants,Olifants1_C1,10,20,1.53908,0.108,2021,18.18641168,-31.66462114,Zostera capensis,Genus species
Ndhlovu_et_al,Ndhlovu_et_al_2024,Olifants,Olifants1_C2,10,20,1.43738,0.186,2021,18.18641168,-31.66462114,Zostera capensis,Genus species
Ndhlovu_et_al,Ndhlovu_et_al_2024,Olifants,Olifants1_C3,10,20,1.35332,0.037,2021,18.18641168,-31.66462114,Zostera capensis,Genus species
Ndhlovu_et_al,Ndhlovu_et_al_2024,Olifants,Olifants1_C4,10,20,1.39098,0.186,2021,18.18641168,-31.66462114,Zostera capensis,Genus species
Ndhlovu_et_al,Ndhlovu_et_al_2024,Olifants,Olifants1_C1,20,30,1.489,0.09,2021,18.18641168,-31.66462114,Zostera capensis,Genus species
Ndhlovu_et_al,Ndhlovu_et_al_2024,Olifants,Olifants1_C2,20,30,1.50386,0.163,2021,18.18641168,-31.66462114,Zostera capensis,Genus species
Ndhlovu_et_al,Ndhlovu_et_al_2024,Olifants,Olifants1_C3,20,30,1.36208,0.024,2021,18.18641168,-31.66462114,Zostera capensis,Genus species
Ndhlovu_et_al,Ndhlovu_et_al_2024,Olifants,Olifants1_C4,20,30,1.37816,0.112,2021,18.18641168,-31.66462114,Zostera capensis,Genus species
Ndhlovu_et_al,Ndhlovu_et_al_2024,Olifants,Olifants1_C1,0,5,1.2942,0.393,2021,18.18641168,-31.66462114,Zostera capensis,Genus species
Ndhlovu_et_al,Ndhlovu_et_al_2024,Olifants,Olifants1_C2,0,5,1.02785,0.316,2021,18.18641168,-31.66462114,Zostera capensis,Genus species
Ndhlovu_et_al,Ndhlovu_et_al_2024,Olifants,Olifants1_C3,0,5,1.3116,0.26,2021,18.18641168,-31.66462114,Zostera capensis,Genus species
Ndhlovu_et_al,Ndhlovu_et_al_2024,Olifants,Olifants1_C4,0,5,0.54836,0.1,2021,18.18641168,-31.66462114,Zostera capensis,Genus species
Ndhlovu_et_al,Ndhlovu_et_al_2024,Olifants,Olifants1_C1,30,50,1.54098,0.009,2021,18.18641168,-31.66462114,Zostera capensis,Genus species
Ndhlovu_et_al,Ndhlovu_et_al_2024,Olifants,Olifants1_C2,30,50,1.4668,0.143,2021,18.18641168,-31.66462114,Zostera capensis,Genus species
Ndhlovu_et_al,Ndhlovu_et_al_2024,Olifants,Olifants1_C3,30,50,1.40786,0.063,2021,18.18641168,-31.66462114,Zostera capensis,Genus species
Ndhlovu_et_al,Ndhlovu_et_al_2024,Olifants,Olifants1_C4,30,50,1.45242,0.069,2021,18.18641168,-31.66462114,Zostera capensis,Genus species
Ndhlovu_et_al,Ndhlovu_et_al_2024,Olifants,Olifants2_C1,5,10,1.19213333333333,0.504,2021,18.188817,-31.693024,Zostera capensis,Genus species
Ndhlovu_et_al,Ndhlovu_et_al_2024,Olifants,Olifants2_C2,5,10,1.2475,0.337,2021,18.188817,-31.693024,Zostera capensis,Genus species
Ndhlovu_et_al,Ndhlovu_et_al_2024,Olifants,Olifants2_C3,5,10,1.11455,0.27,2021,18.188817,-31.693024,Zostera capensis,Genus species
Ndhlovu_et_al,Ndhlovu_et_al_2024,Olifants,Olifants2_C4,5,10,1.24066666666667,0.066,2021,18.188817,-31.693024,Zostera capensis,Genus species
Ndhlovu_et_al,Ndhlovu_et_al_2024,Olifants,Olifants2_C1,10,20,1.18698,0.202,2021,18.188817,-31.693024,Zostera capensis,Genus species
Ndhlovu_et_al,Ndhlovu_et_al_2024,Olifants,Olifants2_C2,10,20,1.26038,0.091,2021,18.188817,-31.693024,Zostera capensis,Genus species
Ndhlovu_et_al,Ndhlovu_et_al_2024,Olifants,Olifants2_C3,10,20,1.20178,0.273,2021,18.188817,-31.693024,Zostera capensis,Genus species
Ndhlovu_et_al,Ndhlovu_et_al_2024,Olifants,Olifants2_C4,10,20,1.29334,0.066,2021,18.188817,-31.693024,Zostera capensis,Genus species
Ndhlovu_et_al,Ndhlovu_et_al_2024,Olifants,Olifants2_C1,20,30,1.18636,0.307,2021,18.188817,-31.693024,Zostera capensis,Genus species
Ndhlovu_et_al,Ndhlovu_et_al_2024,Olifants,Olifants2_C2,20,30,1.12852,0.427,2021,18.188817,-31.693024,Zostera capensis,Genus species
Ndhlovu_et_al,Ndhlovu_et_al_2024,Olifants,Olifants2_C3,20,30,1.17266,0.202,2021,18.188817,-31.693024,Zostera capensis,Genus species
Ndhlovu_et_al,Ndhlovu_et_al_2024,Olifants,Olifants2_C4,20,30,1.3453,0.117,2021,18.188817,-31.693024,Zostera capensis,Genus species
Ndhlovu_et_al,Ndhlovu_et_al_2024,Olifants,Olifants2_C1,0,5,0.853,0.461,2021,18.188817,-31.693024,Zostera capensis,Genus species
Ndhlovu_et_al,Ndhlovu_et_al_2024,Olifants,Olifants2_C2,0,5,0.84465,0.301,2021,18.188817,-31.693024,Zostera capensis,Genus species
Ndhlovu_et_al,Ndhlovu_et_al_2024,Olifants,Olifants2_C3,0,5,0.4928,1.358,2021,18.188817,-31.693024,Zostera capensis,Genus species
Ndhlovu_et_al,Ndhlovu_et_al_2024,Olifants,Olifants2_C4,0,5,1.2384,0.832,2021,18.188817,-31.693024,Zostera capensis,Genus species
Ndhlovu_et_al,Ndhlovu_et_al_2024,Olifants,Olifants2_C1,30,50,1.32318,0.082,2021,18.188817,-31.693024,Zostera capensis,Genus species
Ndhlovu_et_al,Ndhlovu_et_al_2024,Olifants,Olifants2_C2,30,50,1.26536,0.163,2021,18.188817,-31.693024,Zostera capensis,Genus species
Ndhlovu_et_al,Ndhlovu_et_al_2024,Olifants,Olifants2_C3,30,50,1.2713,0.106,2021,18.188817,-31.693024,Zostera capensis,Genus species
Ndhlovu_et_al,Ndhlovu_et_al_2024,Olifants,Olifants2_C4,30,50,1.28074,0.087,2021,18.188817,-31.693024,Zostera capensis,Genus species
Ndhlovu_et_al,Ndhlovu_et_al_2024,Swartkops,Swartkops1_C1,5,10,0.87134,2.664,2021,25.6213933,-33.8611435,Zostera capensis,Genus species
Ndhlovu_et_al,Ndhlovu_et_al_2024,Swartkops,Swartkops1_C2,5,10,1.4867,2.874,2021,25.6213933,-33.8611435,Zostera capensis,Genus species
Ndhlovu_et_al,Ndhlovu_et_al_2024,Swartkops,Swartkops1_C3,5,10,0.956833333333334,4.844,2021,25.6213933,-33.8611435,Zostera capensis,Genus species
Ndhlovu_et_al,Ndhlovu_et_al_2024,Swartkops,Swartkops1_C4,5,10,1.09146666666667,3.201,2021,25.6213933,-33.8611435,Zostera capensis,Genus species
Ndhlovu_et_al,Ndhlovu_et_al_2024,Swartkops,Swartkops1_C1,10,20,1.3925,2.619,2021,25.6213933,-33.8611435,Zostera capensis,Genus species
Ndhlovu_et_al,Ndhlovu_et_al_2024,Swartkops,Swartkops1_C2,10,20,1.37512,2.744,2021,25.6213933,-33.8611435,Zostera capensis,Genus species
Ndhlovu_et_al,Ndhlovu_et_al_2024,Swartkops,Swartkops1_C3,10,20,1.55902,3.857,2021,25.6213933,-33.8611435,Zostera capensis,Genus species
Ndhlovu_et_al,Ndhlovu_et_al_2024,Swartkops,Swartkops1_C4,10,20,1.54712,2.356,2021,25.6213933,-33.8611435,Zostera capensis,Genus species
Ndhlovu_et_al,Ndhlovu_et_al_2024,Swartkops,Swartkops1_C1,20,30,1.39444,2.503,2021,25.6213933,-33.8611435,Zostera capensis,Genus species
Ndhlovu_et_al,Ndhlovu_et_al_2024,Swartkops,Swartkops1_C2,20,30,1.4363,2.997,2021,25.6213933,-33.8611435,Zostera capensis,Genus species
Ndhlovu_et_al,Ndhlovu_et_al_2024,Swartkops,Swartkops1_C3,20,30,1.45516,3.28,2021,25.6213933,-33.8611435,Zostera capensis,Genus species
Ndhlovu_et_al,Ndhlovu_et_al_2024,Swartkops,Swartkops1_C4,20,30,1.51242,2.603,2021,25.6213933,-33.8611435,Zostera capensis,Genus species
Ndhlovu_et_al,Ndhlovu_et_al_2024,Swartkops,Swartkops1_C1,0,5,1.10135,2.34,2021,25.6213933,-33.8611435,Zostera capensis,Genus species
Ndhlovu_et_al,Ndhlovu_et_al_2024,Swartkops,Swartkops1_C2,0,5,1.30985,2.569,2021,25.6213933,-33.8611435,Zostera capensis,Genus species
Ndhlovu_et_al,Ndhlovu_et_al_2024,Swartkops,Swartkops1_C3,0,5,1.02685,4.037,2021,25.6213933,-33.8611435,Zostera capensis,Genus species
Ndhlovu_et_al,Ndhlovu_et_al_2024,Swartkops,Swartkops1_C4,0,5,1.4135,3.046,2021,25.6213933,-33.8611435,Zostera capensis,Genus species
Ndhlovu_et_al,Ndhlovu_et_al_2024,Swartkops,Swartkops1_C1,30,50,1.5505,2.631,2021,25.6213933,-33.8611435,Zostera capensis,Genus species
Ndhlovu_et_al,Ndhlovu_et_al_2024,Swartkops,Swartkops1_C2,30,50,1.4363,2.59,2021,25.6213933,-33.8611435,Zostera capensis,Genus species
Ndhlovu_et_al,Ndhlovu_et_al_2024,Swartkops,Swartkops1_C3,30,50,1.36594,2.911,2021,25.6213933,-33.8611435,Zostera capensis,Genus species
Ndhlovu_et_al,Ndhlovu_et_al_2024,Swartkops,Swartkops1_C4,30,50,1.4148,2.867,2021,25.6213933,-33.8611435,Zostera capensis,Genus species
Ndhlovu_et_al,Ndhlovu_et_al_2024,Swartkops,Swartkops2_C1,5,10,1.2449,0.257,2021,25.59069306,-33.8378418,Zostera capensis,Genus species
Ndhlovu_et_al,Ndhlovu_et_al_2024,Swartkops,Swartkops2_C2,5,10,1.64215,0.04,2021,25.59069306,-33.8378418,Zostera capensis,Genus species
Ndhlovu_et_al,Ndhlovu_et_al_2024,Swartkops,Swartkops2_C3,5,10,1.515,0.633,2021,25.59069306,-33.8378418,Zostera capensis,Genus species
Ndhlovu_et_al,Ndhlovu_et_al_2024,Swartkops,Swartkops2_C4,5,10,0.9945,0.17,2021,25.59069306,-33.8378418,Zostera capensis,Genus species
Ndhlovu_et_al,Ndhlovu_et_al_2024,Swartkops,Swartkops2_C1,10,20,1.3238,0.024,2021,25.59069306,-33.8378418,Zostera capensis,Genus species
Ndhlovu_et_al,Ndhlovu_et_al_2024,Swartkops,Swartkops2_C2,10,20,1.54964,0.189,2021,25.59069306,-33.8378418,Zostera capensis,Genus species
Ndhlovu_et_al,Ndhlovu_et_al_2024,Swartkops,Swartkops2_C3,10,20,1.5306,0.171,2021,25.59069306,-33.8378418,Zostera capensis,Genus species
Ndhlovu_et_al,Ndhlovu_et_al_2024,Swartkops,Swartkops2_C4,10,20,1.45752,0.099,2021,25.59069306,-33.8378418,Zostera capensis,Genus species
Ndhlovu_et_al,Ndhlovu_et_al_2024,Swartkops,Swartkops2_C1,20,30,1.4029,0.184,2021,25.59069306,-33.8378418,Zostera capensis,Genus species
Ndhlovu_et_al,Ndhlovu_et_al_2024,Swartkops,Swartkops2_C2,20,30,1.49962,0.275,2021,25.59069306,-33.8378418,Zostera capensis,Genus species
Ndhlovu_et_al,Ndhlovu_et_al_2024,Swartkops,Swartkops2_C3,20,30,1.49608,0.203,2021,25.59069306,-33.8378418,Zostera capensis,Genus species
Ndhlovu_et_al,Ndhlovu_et_al_2024,Swartkops,Swartkops2_C4,20,30,1.48846,0.215,2021,25.59069306,-33.8378418,Zostera capensis,Genus species
Ndhlovu_et_al,Ndhlovu_et_al_2024,Swartkops,Swartkops2_C1,0,5,1.0261,0.049,2021,25.59069306,-33.8378418,Zostera capensis,Genus species
Ndhlovu_et_al,Ndhlovu_et_al_2024,Swartkops,Swartkops2_C2,0,5,1.45655,0.018,2021,25.59069306,-33.8378418,Zostera capensis,Genus species
Ndhlovu_et_al,Ndhlovu_et_al_2024,Swartkops,Swartkops2_C3,0,5,1.5091,0.483,2021,25.59069306,-33.8378418,Zostera capensis,Genus species
Ndhlovu_et_al,Ndhlovu_et_al_2024,Swartkops,Swartkops2_C4,0,5,1.4349,0.083,2021,25.59069306,-33.8378418,Zostera capensis,Genus species
Ndhlovu_et_al,Ndhlovu_et_al_2024,Swartkops,Swartkops2_C1,30,50,1.50724,0.096,2021,25.59069306,-33.8378418,Zostera capensis,Genus species
Ndhlovu_et_al,Ndhlovu_et_al_2024,Swartkops,Swartkops2_C2,30,50,1.49542,0.086,2021,25.59069306,-33.8378418,Zostera capensis,Genus species
Ndhlovu_et_al,Ndhlovu_et_al_2024,Swartkops,Swartkops2_C3,30,50,1.50826,0.004,2021,25.59069306,-33.8378418,Zostera capensis,Genus species
Ndhlovu_et_al,Ndhlovu_et_al_2024,Swartkops,Swartkops2_C4,30,50,1.46486,0.075,2021,25.59069306,-33.8378418,Zostera capensis,Genus species
